2026-07-03 17:44:40,805 INFO skill_runner: Job aea183867b13: Job created for skill 'siri_ask'
2026-07-03 17:44:40,805 INFO skill_runner: Job aea183867b13: Dry run mode enabled
2026-07-03 17:44:40,805 INFO skill_runner: Job aea183867b13: Executing skill 'siri_ask'
2026-07-03 17:44:40,806 INFO skill_runner: Job aea183867b13: DRY RUN — skipping actual execution
2026-07-03 17:44:40,806 INFO skill_runner: Job aea183867b13: Params: {'query': 'hello'}
2026-07-03 17:44:40,806 INFO skill_runner: Job aea183867b13: Tool bundle: none
2026-07-03 17:44:40,806 INFO skill_runner: Job aea183867b13: Model alias: none
2026-07-03 17:44:40,806 INFO skill_runner: DRY RUN job aea183867b13 completed.
2026-07-03 17:44:40,806 INFO skill_runner: Job aea183867b13 launched for skill 'siri_ask'.
2026-07-03 17:53:00,136 INFO skill_runner: Job bffa0ab28ba1: Job created for skill 'deep_research'
2026-07-03 17:53:00,136 INFO skill_runner: Job bffa0ab28ba1: Dry run mode enabled
2026-07-03 17:53:00,136 INFO skill_runner: Job bffa0ab28ba1: Executing skill 'deep_research'
2026-07-03 17:53:00,136 INFO skill_runner: Job bffa0ab28ba1: DRY RUN — skipping actual execution
2026-07-03 17:53:00,137 INFO skill_runner: Job bffa0ab28ba1: Params: {'query': 'test'}
2026-07-03 17:53:00,137 INFO skill_runner: Job bffa0ab28ba1: Tool bundle: none
2026-07-03 17:53:00,137 INFO skill_runner: Job bffa0ab28ba1: Model alias: none
2026-07-03 17:53:00,137 INFO skill_runner: DRY RUN job bffa0ab28ba1 completed.
2026-07-03 17:53:00,137 INFO skill_runner: Job bffa0ab28ba1 launched for skill 'deep_research'.
2026-07-03 17:53:02,697 INFO skill_runner: Job 2babf1c48e5e: Job created for skill 'siri_ask'
2026-07-03 17:53:02,697 INFO skill_runner: Job 2babf1c48e5e: Dry run mode enabled
2026-07-03 17:53:02,697 INFO skill_runner: Job 2babf1c48e5e: Executing skill 'siri_ask'
2026-07-03 17:53:02,697 INFO skill_runner: Job 2babf1c48e5e: DRY RUN — skipping actual execution
2026-07-03 17:53:02,697 INFO skill_runner: Job 2babf1c48e5e: Params: {'query': 'hello'}
2026-07-03 17:53:02,697 INFO skill_runner: Job 2babf1c48e5e: Tool bundle: none
2026-07-03 17:53:02,698 INFO skill_runner: Job 2babf1c48e5e: Model alias: none
2026-07-03 17:53:02,698 INFO skill_runner: DRY RUN job 2babf1c48e5e completed.
2026-07-03 17:53:02,698 INFO skill_runner: Job 2babf1c48e5e launched for skill 'siri_ask'.
2026-07-03 17:54:30,136 INFO skill_runner: Job 591ce3bdfbb0: Job created for skill 'siri_ask'
2026-07-03 17:54:30,136 INFO skill_runner: Job 591ce3bdfbb0: Executing skill 'siri_ask'
2026-07-03 17:54:30,136 INFO skill_runner: Job 591ce3bdfbb0: Skill 'siri_ask' module not found
2026-07-03 17:54:30,137 ERROR skill_runner: Skill not found: siri_ask
2026-07-03 17:54:30,137 INFO skill_runner: Job 591ce3bdfbb0 launched for skill 'siri_ask'.
2026-07-03 17:55:33,816 INFO skill_runner: Job e202ec9e5b00: Job created for skill 'siri_ask'
2026-07-03 17:55:33,817 INFO skill_runner: Job e202ec9e5b00: Executing skill 'siri_ask'
2026-07-03 17:55:33,817 INFO skill_runner: Job e202ec9e5b00: Skill module found at: /app/skills/siri_ask/skill.py
2026-07-03 17:55:33,817 INFO skill_runner: Job e202ec9e5b00: LiteLLM client initialised: base_url=http://litellm-proxy:4000
2026-07-03 17:55:33,817 INFO skill_runner: Job e202ec9e5b00: Skeleton runner — skill execution placeholder. Phase 9 will implement real logic.
2026-07-03 17:55:33,818 INFO skill_runner: Job e202ec9e5b00: LiteLLM client is wired for /v1/chat/completions and /mcp-rest/tools/call.
2026-07-03 18:00:43,601 INFO skill_runner: Job 24e1a922c6a5: Job created for skill 'siri_ask'
2026-07-03 18:00:43,602 INFO skill_runner: Job 24e1a922c6a5: Executing skill 'siri_ask'
2026-07-03 18:00:43,603 INFO skill_runner: Job 24e1a922c6a5: Skill module found at: /app/skills/siri_ask/skill.py
2026-07-03 18:00:43,603 INFO skill_runner: Job 24e1a922c6a5: LiteLLM client initialised: base_url=http://litellm-proxy:4000
2026-07-03 18:00:43,603 INFO skill_runner: Job 24e1a922c6a5: Skeleton runner — skill execution placeholder. Phase 9 will implement real logic.
2026-07-03 18:00:43,603 INFO skill_runner: Job 24e1a922c6a5: LiteLLM client is wired for /v1/chat/completions and /mcp-rest/tools/call.
2026-07-03 18:00:43,604 INFO skill_runner: Job 24e1a922c6a5: Artifact path: /home/chuck/data/media/siri_outputs/siri_ask_2026-07-03T23-00-43_what-is-2-2.md
2026-07-03 18:00:43,604 INFO skill_runner: Job 24e1a922c6a5 launched for skill 'siri_ask'.
2026-07-03 18:00:45,802 INFO skill_runner: Job 6f194c292d9f: Job created for skill 'deep_research'
2026-07-03 18:00:45,803 INFO skill_runner: Job 6f194c292d9f: Executing skill 'deep_research'
2026-07-03 18:00:45,803 INFO skill_runner: Job 6f194c292d9f: Skill module found at: /app/skills/deep_research/skill.py
2026-07-03 18:00:45,803 INFO skill_runner: Job 6f194c292d9f: LiteLLM client initialised: base_url=http://litellm-proxy:4000
2026-07-03 18:00:45,803 INFO skill_runner: Job 6f194c292d9f: Skeleton runner — skill execution placeholder. Phase 9 will implement real logic.
2026-07-03 18:00:45,803 INFO skill_runner: Job 6f194c292d9f: LiteLLM client is wired for /v1/chat/completions and /mcp-rest/tools/call.
2026-07-03 18:00:45,804 INFO skill_runner: Job 6f194c292d9f: Artifact path: /home/chuck/data/media/research_reports/deep_research_2026-07-03T23-00-45_latest-AI-news.md
2026-07-03 18:00:45,804 INFO skill_runner: Job 6f194c292d9f launched for skill 'deep_research'.
2026-07-03 18:10:17,559 INFO skill_runner: Job 2b02cc63fd63: Job created for skill 'siri_ask'
2026-07-03 18:10:17,559 INFO skill_runner: Job 2b02cc63fd63: Executing skill 'siri_ask'
2026-07-03 18:10:17,559 INFO skill_runner: Job 2b02cc63fd63: Skill module found at: /app/skills/siri_ask/skill.py
2026-07-03 18:10:17,560 INFO skill_runner: Job 2b02cc63fd63: LiteLLM client initialised: base_url=http://litellm-proxy:4000
2026-07-03 18:10:17,560 INFO skill_runner: Job 2b02cc63fd63: Skill module imported successfully
2026-07-03 18:10:17,561 INFO skill_runner: Job 2b02cc63fd63: Invoking skill.run()...
2026-07-03 18:10:17,561 INFO skill_runner: Job 2b02cc63fd63: Executing siri_ask: query='what is 2+2?...'
2026-07-03 18:10:17,561 INFO skill_runner: Job 2b02cc63fd63: Model alias: local/qwen-coder
2026-07-03 18:10:17,561 INFO skill_runner: Job 2b02cc63fd63: Max runtime: 30s, max tokens: 500
2026-07-03 18:10:17,612 INFO skill_runner: Job 2b02cc63fd63: Runtime error: LiteLLM HTTP error 400: {"error":{"message":"{'error': '/chat/completions: Invalid model name passed in model=local/qwen-coder. Call `/v1/models` to view available models for your key.'}","type":"None","param":"None","code":"400"}}
2026-07-03 18:10:17,612 INFO skill_runner: Job 2b02cc63fd63: Skill.run() returned: ['answer', 'error', 'model_alias']
2026-07-03 18:10:17,612 INFO skill_runner: Job 2b02cc63fd63: Skill reported error: LiteLLM HTTP error 400: {"error":{"message":"{'error': '/chat/completions: Invalid model name passed in model=local/qwen-coder. Call `/v1/models` to view available models for your key.'}","type":"None","param":"None","code":"400"}}
2026-07-03 18:10:17,613 INFO skill_runner: Job 2b02cc63fd63: Skill answer (used as summary): I couldn't reach my backend right now. Please try again in a moment.
2026-07-03 18:10:17,613 INFO skill_runner: Job 2b02cc63fd63: Merged result key 'answer' into job params
2026-07-03 18:10:17,613 INFO skill_runner: Job 2b02cc63fd63 failed: LiteLLM HTTP error 400: {"error":{"message":"{'error': '/chat/completions: Invalid model name passed in model=local/qwen-coder. Call `/v1/models` to view available models for your key.'}","type":"None","param":"None","code":"400"}}
2026-07-03 18:10:17,613 INFO skill_runner: Job 2b02cc63fd63 launched for skill 'siri_ask'.
2026-07-03 18:11:18,363 INFO skill_runner: Job ca3420d5392c: Job created for skill 'siri_ask'
2026-07-03 18:11:18,363 INFO skill_runner: Job ca3420d5392c: Executing skill 'siri_ask'
2026-07-03 18:11:18,364 INFO skill_runner: Job ca3420d5392c: Skill module found at: /app/skills/siri_ask/skill.py
2026-07-03 18:11:18,364 INFO skill_runner: Job ca3420d5392c: LiteLLM client initialised: base_url=http://litellm-proxy:4000
2026-07-03 18:11:18,370 INFO skill_runner: Job ca3420d5392c: Skill module imported successfully
2026-07-03 18:11:18,370 INFO skill_runner: Job ca3420d5392c: Invoking skill.run()...
2026-07-03 18:11:18,370 INFO skill_runner: Job ca3420d5392c: Executing siri_ask: query='what is 2+2?...'
2026-07-03 18:11:18,371 INFO skill_runner: Job ca3420d5392c: Model alias: matrix-coder
2026-07-03 18:11:18,371 INFO skill_runner: Job ca3420d5392c: Max runtime: 30s, max tokens: 500
2026-07-03 18:11:21,234 INFO skill_runner: Job ca3420d5392c: Response generated (577 chars)
2026-07-03 18:11:21,235 INFO skill_runner: Job ca3420d5392c: Artifact logged: /home/chuck/data/media/siri_outputs/siri_output_2026-07-03T23-11-21_what-is-2-2.txt
2026-07-03 18:11:21,235 INFO skill_runner: Job ca3420d5392c: Skill.run() returned: ['answer', 'artifact_path', 'model_alias']
2026-07-03 18:11:21,235 INFO skill_runner: Job ca3420d5392c: Skill answer (used as summary): Here's a thinking process:

1.  **Analyze User Input:** The user asks "what is 2+2?"
2.  **Identify Core Task:** Simple arithmetic question.
3.  **Apply Constraints:** 
   - Short, direct answer (1-2 
2026-07-03 18:11:21,235 INFO skill_runner: Job ca3420d5392c: Artifact path from skill: /home/chuck/data/media/siri_outputs/siri_output_2026-07-03T23-11-21_what-is-2-2.txt
2026-07-03 18:11:21,235 INFO skill_runner: Job ca3420d5392c: Merged result key 'answer' into job params
2026-07-03 18:11:21,235 INFO skill_runner: Job ca3420d5392c completed successfully.
2026-07-03 18:11:21,235 INFO skill_runner: Job ca3420d5392c launched for skill 'siri_ask'.
2026-07-03 18:11:24,108 INFO skill_runner: Job 13782c1dafa0: Job created for skill 'deep_research'
2026-07-03 18:11:24,108 INFO skill_runner: Job 13782c1dafa0: Dry run mode enabled
2026-07-03 18:11:24,108 INFO skill_runner: Job 13782c1dafa0: Executing skill 'deep_research'
2026-07-03 18:11:24,109 INFO skill_runner: Job 13782c1dafa0: DRY RUN — skipping actual execution
2026-07-03 18:11:24,109 INFO skill_runner: Job 13782c1dafa0: Params: {'query': 'test'}
2026-07-03 18:11:24,109 INFO skill_runner: Job 13782c1dafa0: Tool bundle: none
2026-07-03 18:11:24,109 INFO skill_runner: Job 13782c1dafa0: Model alias: none
2026-07-03 18:11:24,109 INFO skill_runner: DRY RUN job 13782c1dafa0 completed.
2026-07-03 18:11:24,109 INFO skill_runner: Job 13782c1dafa0 launched for skill 'deep_research'.
2026-07-03 18:11:27,323 INFO skill_runner: Job 66e94dd77f44: Job created for skill 'deep_research'
2026-07-03 18:11:27,323 INFO skill_runner: Job 66e94dd77f44: Executing skill 'deep_research'
2026-07-03 18:11:27,323 INFO skill_runner: Job 66e94dd77f44: Skill module found at: /app/skills/deep_research/skill.py
2026-07-03 18:11:27,324 INFO skill_runner: Job 66e94dd77f44: LiteLLM client initialised: base_url=http://litellm-proxy:4000
2026-07-03 18:11:27,345 INFO skill_runner: Job 66e94dd77f44: Skill module imported successfully
2026-07-03 18:11:27,346 INFO skill_runner: Job 66e94dd77f44: Passing sync client as 'litellm_client'
2026-07-03 18:11:27,346 INFO skill_runner: Job 66e94dd77f44: Invoking skill.run()...
2026-07-03 18:11:27,346 INFO skill_runner: Job 66e94dd77f44: Executing deep_research: query='what is the capital of France...'
2026-07-03 18:11:27,346 INFO skill_runner: Job 66e94dd77f44: Depth: comprehensive, max_sources: 10
2026-07-03 18:11:27,346 INFO skill_runner: Job 66e94dd77f44: Model alias: matrix-coder
2026-07-03 18:11:27,347 INFO skill_runner: Job 66e94dd77f44: Max runtime: 900s
2026-07-03 18:11:27,347 INFO skill_runner: Job 66e94dd77f44: LiteLLM: http://litellm-proxy:4000
2026-07-03 18:11:27,347 INFO skill_runner: Job 66e94dd77f44: Phase 1: Collecting sources via LiteLLM...
2026-07-03 18:11:27,347 INFO skill.deep_research: Search query 1/3: what is the capital of France
2026-07-03 18:11:27,348 INFO skill_runner: Job 66e94dd77f44: Runtime error: Cannot run the event loop while another loop is running
2026-07-03 18:11:27,348 INFO skill.deep_research: Artifact written: /home/chuck/data/media/research_reports/deep_research_2026-07-03T23-11-27_what-is-the-capital-of-France.md
2026-07-03 18:11:27,365 INFO skill_runner: Job 66e94dd77f44: Skill.run() returned: ['summary', 'report', 'sources', 'artifact_path', 'error', 'model_alias']
2026-07-03 18:11:27,365 INFO skill_runner: Job 66e94dd77f44: Skill reported error: Cannot run the event loop while another loop is running
2026-07-03 18:11:27,366 INFO skill_runner: Job 66e94dd77f44: Skill summary: Research failed: Cannot run the event loop while another loop is running
2026-07-03 18:11:27,366 INFO skill_runner: Job 66e94dd77f44: Artifact path from skill: /home/chuck/data/media/research_reports/deep_research_2026-07-03T23-11-27_what-is-the-capital-of-France.md
2026-07-03 18:11:27,366 INFO skill_runner: Job 66e94dd77f44: Merged result key 'report' into job params
2026-07-03 18:11:27,366 INFO skill_runner: Job 66e94dd77f44: Merged result key 'sources' into job params
2026-07-03 18:11:27,367 INFO skill_runner: Job 66e94dd77f44 failed: Cannot run the event loop while another loop is running
2026-07-03 18:11:27,367 INFO skill_runner: Job 66e94dd77f44 launched for skill 'deep_research'.
2026-07-03 18:13:13,789 INFO skill_runner: Job a664921b76fa: Job created for skill 'siri_ask'
2026-07-03 18:13:13,789 INFO skill_runner: Job a664921b76fa: Executing skill 'siri_ask'
2026-07-03 18:13:13,789 INFO skill_runner: Job a664921b76fa: Skill module found at: /app/skills/siri_ask/skill.py
2026-07-03 18:13:13,789 INFO skill_runner: Job a664921b76fa: LiteLLM client initialised: base_url=http://litellm-proxy:4000
2026-07-03 18:13:13,794 INFO skill_runner: Job a664921b76fa: Skill module imported successfully
2026-07-03 18:13:13,794 INFO skill_runner: Job a664921b76fa: Invoking skill.run()...
2026-07-03 18:13:13,794 INFO skill_runner: Job a664921b76fa: Executing siri_ask: query='what is 2+2?...'
2026-07-03 18:13:13,794 INFO skill_runner: Job a664921b76fa: Model alias: matrix-coder
2026-07-03 18:13:13,794 INFO skill_runner: Job a664921b76fa: Max runtime: 30s, max tokens: 500
2026-07-03 18:13:16,691 INFO skill_runner: Job a664921b76fa: Response generated (567 chars)
2026-07-03 18:13:16,691 INFO skill_runner: Job a664921b76fa: Artifact logged: /home/chuck/data/media/siri_outputs/siri_output_2026-07-03T23-13-16_what-is-2-2.txt
2026-07-03 18:13:16,691 INFO skill_runner: Job a664921b76fa: Skill.run() returned: ['answer', 'artifact_path', 'model_alias']
2026-07-03 18:13:16,691 INFO skill_runner: Job a664921b76fa: Skill answer (used as summary): Here's a thinking process:

1.  **Analyze User Input:** The user asks "what is 2+2?"
2.  **Identify Core Task:** Simple arithmetic question.
3.  **Apply Constraints:** 
   - Short, direct answer (1-2 
2026-07-03 18:13:16,691 INFO skill_runner: Job a664921b76fa: Artifact path from skill: /home/chuck/data/media/siri_outputs/siri_output_2026-07-03T23-13-16_what-is-2-2.txt
2026-07-03 18:13:16,691 INFO skill_runner: Job a664921b76fa: Merged result key 'answer' into job params
2026-07-03 18:13:16,691 INFO skill_runner: Job a664921b76fa completed successfully.
2026-07-03 18:13:16,691 INFO skill_runner: Job a664921b76fa launched for skill 'siri_ask'.
2026-07-03 18:13:19,879 INFO skill_runner: Job 9c63f7dd28e7: Job created for skill 'deep_research'
2026-07-03 18:13:19,879 INFO skill_runner: Job 9c63f7dd28e7: Dry run mode enabled
2026-07-03 18:13:19,879 INFO skill_runner: Job 9c63f7dd28e7: Executing skill 'deep_research'
2026-07-03 18:13:19,879 INFO skill_runner: Job 9c63f7dd28e7: DRY RUN — skipping actual execution
2026-07-03 18:13:19,879 INFO skill_runner: Job 9c63f7dd28e7: Params: {'query': 'test'}
2026-07-03 18:13:19,879 INFO skill_runner: Job 9c63f7dd28e7: Tool bundle: none
2026-07-03 18:13:19,879 INFO skill_runner: Job 9c63f7dd28e7: Model alias: none
2026-07-03 18:13:19,879 INFO skill_runner: DRY RUN job 9c63f7dd28e7 completed.
2026-07-03 18:13:19,879 INFO skill_runner: Job 9c63f7dd28e7 launched for skill 'deep_research'.
2026-07-03 18:13:23,051 INFO skill_runner: Job 4d86c0938d5b: Job created for skill 'deep_research'
2026-07-03 18:13:23,051 INFO skill_runner: Job 4d86c0938d5b: Executing skill 'deep_research'
2026-07-03 18:13:23,052 INFO skill_runner: Job 4d86c0938d5b: Skill module found at: /app/skills/deep_research/skill.py
2026-07-03 18:13:23,052 INFO skill_runner: Job 4d86c0938d5b: LiteLLM client initialised: base_url=http://litellm-proxy:4000
2026-07-03 18:13:23,067 INFO skill_runner: Job 4d86c0938d5b: Skill module imported successfully
2026-07-03 18:13:23,068 INFO skill_runner: Job 4d86c0938d5b: Passing sync client as 'litellm_client'
2026-07-03 18:13:23,068 INFO skill_runner: Job 4d86c0938d5b: Invoking skill.run()...
2026-07-03 18:13:23,068 INFO skill_runner: Job 4d86c0938d5b: Executing deep_research: query='what is the capital of France...'
2026-07-03 18:13:23,068 INFO skill_runner: Job 4d86c0938d5b: Depth: comprehensive, max_sources: 10
2026-07-03 18:13:23,068 INFO skill_runner: Job 4d86c0938d5b: Model alias: matrix-coder
2026-07-03 18:13:23,068 INFO skill_runner: Job 4d86c0938d5b: Max runtime: 900s
2026-07-03 18:13:23,068 INFO skill_runner: Job 4d86c0938d5b: LiteLLM: http://litellm-proxy:4000
2026-07-03 18:13:23,068 INFO skill_runner: Job 4d86c0938d5b: Phase 1: Collecting sources via LiteLLM...
2026-07-03 18:13:23,069 INFO skill.deep_research: Search query 1/3: what is the capital of France
2026-07-03 18:13:23,160 INFO httpx: HTTP Request: POST http://litellm-proxy:4000/mcp-rest/tools/call "HTTP/1.1 403 Forbidden"
2026-07-03 18:13:23,162 INFO skill_runner: Job 4d86c0938d5b: Unexpected error: Client error '403 Forbidden' for url 'http://litellm-proxy:4000/mcp-rest/tools/call'
For more information check: https://developer.mozilla.org/en-US/docs/Web/HTTP/Status/403
2026-07-03 18:13:23,163 INFO skill.deep_research: Artifact written: /home/chuck/data/media/research_reports/deep_research_2026-07-03T23-13-23_what-is-the-capital-of-France.md
2026-07-03 18:13:23,163 INFO skill_runner: Job 4d86c0938d5b: Skill.run() returned: ['summary', 'report', 'sources', 'artifact_path', 'error', 'model_alias']
2026-07-03 18:13:23,163 INFO skill_runner: Job 4d86c0938d5b: Skill reported error: Unexpected error: Client error '403 Forbidden' for url 'http://litellm-proxy:4000/mcp-rest/tools/call'
For more information check: https://developer.mozilla.org/en-US/docs/Web/HTTP/Status/403
2026-07-03 18:13:23,163 INFO skill_runner: Job 4d86c0938d5b: Skill summary: Research failed: Unexpected error: Client error '403 Forbidden' for url 'http://litellm-proxy:4000/mcp-rest/tools/call'
For more information check: https://developer.mozilla.org/en-US/docs/Web/HTTP/St
2026-07-03 18:13:23,163 INFO skill_runner: Job 4d86c0938d5b: Artifact path from skill: /home/chuck/data/media/research_reports/deep_research_2026-07-03T23-13-23_what-is-the-capital-of-France.md
2026-07-03 18:13:23,164 INFO skill_runner: Job 4d86c0938d5b: Merged result key 'sources' into job params
2026-07-03 18:13:23,164 INFO skill_runner: Job 4d86c0938d5b: Merged result key 'report' into job params
2026-07-03 18:13:23,164 INFO skill_runner: Job 4d86c0938d5b failed: Unexpected error: Client error '403 Forbidden' for url 'http://litellm-proxy:4000/mcp-rest/tools/call'
For more information check: https://developer.mozilla.org/en-US/docs/Web/HTTP/Status/403
2026-07-03 18:13:23,164 INFO skill_runner: Job 4d86c0938d5b launched for skill 'deep_research'.
2026-07-03 18:19:35,828 INFO skill_runner: Job 4e628aa0b0d9: Job created for skill 'siri_ask'
2026-07-03 18:19:35,828 INFO skill_runner: Job 4e628aa0b0d9: Executing skill 'siri_ask'
2026-07-03 18:19:35,829 INFO skill_runner: Job 4e628aa0b0d9: Skill module found at: /app/skills/siri_ask/skill.py
2026-07-03 18:19:35,829 INFO skill_runner: Job 4e628aa0b0d9: LiteLLM client initialised: base_url=http://litellm-proxy:4000
2026-07-03 18:19:35,834 INFO skill_runner: Job 4e628aa0b0d9: Skill module imported successfully
2026-07-03 18:19:35,835 INFO skill_runner: Job 4e628aa0b0d9: Invoking skill.run()...
2026-07-03 18:19:35,835 INFO skill_runner: Job 4e628aa0b0d9: Executing siri_ask: query='what is 2+2?...'
2026-07-03 18:19:35,835 INFO skill_runner: Job 4e628aa0b0d9: Model alias: matrix-coder
2026-07-03 18:19:35,835 INFO skill_runner: Job 4e628aa0b0d9: Max runtime: 30s, max tokens: 500
2026-07-03 18:19:38,644 INFO skill_runner: Job 4e628aa0b0d9: Response generated (547 chars)
2026-07-03 18:19:38,644 INFO skill_runner: Job 4e628aa0b0d9: Artifact logged: /home/chuck/data/media/siri_outputs/siri_output_2026-07-03T23-19-38_what-is-2-2.txt
2026-07-03 18:19:38,644 INFO skill_runner: Job 4e628aa0b0d9: Skill.run() returned: ['answer', 'artifact_path', 'model_alias']
2026-07-03 18:19:38,644 INFO skill_runner: Job 4e628aa0b0d9: Skill answer (used as summary): Here's a thinking process:

1.  **Analyze User Input:** The user asks "what is 2+2?"
2.  **Identify Core Task:** Simple arithmetic question.
3.  **Apply Constraints:** 
   - Short, direct answer (1-2 
2026-07-03 18:19:38,644 INFO skill_runner: Job 4e628aa0b0d9: Artifact path from skill: /home/chuck/data/media/siri_outputs/siri_output_2026-07-03T23-19-38_what-is-2-2.txt
2026-07-03 18:19:38,644 INFO skill_runner: Job 4e628aa0b0d9: Merged result key 'answer' into job params
2026-07-03 18:19:38,645 INFO skill_runner: Job 4e628aa0b0d9 completed successfully.
2026-07-03 18:19:38,645 INFO skill_runner: Job 4e628aa0b0d9 launched for skill 'siri_ask'.
2026-07-03 18:19:41,853 INFO skill_runner: Job 31f1a5016acf: Job created for skill 'deep_research'
2026-07-03 18:19:41,853 INFO skill_runner: Job 31f1a5016acf: Dry run mode enabled
2026-07-03 18:19:41,853 INFO skill_runner: Job 31f1a5016acf: Executing skill 'deep_research'
2026-07-03 18:19:41,853 INFO skill_runner: Job 31f1a5016acf: DRY RUN — skipping actual execution
2026-07-03 18:19:41,853 INFO skill_runner: Job 31f1a5016acf: Params: {'query': 'test'}
2026-07-03 18:19:41,854 INFO skill_runner: Job 31f1a5016acf: Tool bundle: none
2026-07-03 18:19:41,854 INFO skill_runner: Job 31f1a5016acf: Model alias: none
2026-07-03 18:19:41,854 INFO skill_runner: DRY RUN job 31f1a5016acf completed.
2026-07-03 18:19:41,854 INFO skill_runner: Job 31f1a5016acf launched for skill 'deep_research'.
2026-07-03 18:19:57,955 INFO skill_runner: Job cc08831a7e74: Job created for skill 'presentation_build'
2026-07-03 18:19:57,955 INFO skill_runner: Job cc08831a7e74: Dry run mode enabled
2026-07-03 18:19:57,955 INFO skill_runner: Job cc08831a7e74: Executing skill 'presentation_build'
2026-07-03 18:19:57,955 INFO skill_runner: Job cc08831a7e74: DRY RUN — skipping actual execution
2026-07-03 18:19:57,955 INFO skill_runner: Job cc08831a7e74: Params: {'topic': 'test presentation'}
2026-07-03 18:19:57,955 INFO skill_runner: Job cc08831a7e74: Tool bundle: none
2026-07-03 18:19:57,956 INFO skill_runner: Job cc08831a7e74: Model alias: none
2026-07-03 18:19:57,956 INFO skill_runner: DRY RUN job cc08831a7e74 completed.
2026-07-03 18:19:57,956 INFO skill_runner: Job cc08831a7e74 launched for skill 'presentation_build'.
2026-07-03 18:20:56,296 INFO skill_runner: Job 70a4650dd8b5: Job created for skill 'siri_ask'
2026-07-03 18:20:56,296 INFO skill_runner: Job 70a4650dd8b5: Executing skill 'siri_ask'
2026-07-03 18:20:56,297 INFO skill_runner: Job 70a4650dd8b5: Skill module found at: /app/skills/siri_ask/skill.py
2026-07-03 18:20:56,297 INFO skill_runner: Job 70a4650dd8b5: LiteLLM client initialised: base_url=http://litellm-proxy:4000
2026-07-03 18:20:56,305 INFO skill_runner: Job 70a4650dd8b5: Skill module imported successfully
2026-07-03 18:20:56,305 INFO skill_runner: Job 70a4650dd8b5: Invoking skill.run()...
2026-07-03 18:20:56,305 INFO skill_runner: Job 70a4650dd8b5: Executing siri_ask: query='what is 2+2?...'
2026-07-03 18:20:56,306 INFO skill_runner: Job 70a4650dd8b5: Model alias: matrix-coder
2026-07-03 18:20:56,306 INFO skill_runner: Job 70a4650dd8b5: Max runtime: 30s, max tokens: 500
2026-07-03 18:20:59,149 INFO skill_runner: Job 70a4650dd8b5: Response generated (561 chars)
2026-07-03 18:20:59,149 INFO skill_runner: Job 70a4650dd8b5: Artifact logged: /home/chuck/data/media/siri_outputs/siri_output_2026-07-03T23-20-59_what-is-2-2.txt
2026-07-03 18:20:59,149 INFO skill_runner: Job 70a4650dd8b5: Skill.run() returned: ['answer', 'artifact_path', 'model_alias']
2026-07-03 18:20:59,149 INFO skill_runner: Job 70a4650dd8b5: Skill answer (used as summary): Here's a thinking process:

1.  **Analyze User Input:** The user asks "what is 2+2?"
2.  **Identify Core Task:** Simple arithmetic question.
3.  **Apply Constraints:** 
   - Short, direct answer (1-2 
2026-07-03 18:20:59,150 INFO skill_runner: Job 70a4650dd8b5: Artifact path from skill: /home/chuck/data/media/siri_outputs/siri_output_2026-07-03T23-20-59_what-is-2-2.txt
2026-07-03 18:20:59,150 INFO skill_runner: Job 70a4650dd8b5: Merged result key 'answer' into job params
2026-07-03 18:20:59,150 INFO skill_runner: Job 70a4650dd8b5 completed successfully.
2026-07-03 18:20:59,150 INFO skill_runner: Job 70a4650dd8b5 launched for skill 'siri_ask'.
2026-07-03 18:20:59,184 INFO skill_runner: Job e6854982de15: Job created for skill 'deep_research'
2026-07-03 18:20:59,184 INFO skill_runner: Job e6854982de15: Dry run mode enabled
2026-07-03 18:20:59,185 INFO skill_runner: Job e6854982de15: Executing skill 'deep_research'
2026-07-03 18:20:59,185 INFO skill_runner: Job e6854982de15: DRY RUN — skipping actual execution
2026-07-03 18:20:59,185 INFO skill_runner: Job e6854982de15: Params: {'query': 'test'}
2026-07-03 18:20:59,185 INFO skill_runner: Job e6854982de15: Tool bundle: none
2026-07-03 18:20:59,185 INFO skill_runner: Job e6854982de15: Model alias: none
2026-07-03 18:20:59,185 INFO skill_runner: DRY RUN job e6854982de15 completed.
2026-07-03 18:20:59,185 INFO skill_runner: Job e6854982de15 launched for skill 'deep_research'.
2026-07-03 18:20:59,223 INFO skill_runner: Job 917758c3a08f: Job created for skill 'presentation_build'
2026-07-03 18:20:59,223 INFO skill_runner: Job 917758c3a08f: Dry run mode enabled
2026-07-03 18:20:59,223 INFO skill_runner: Job 917758c3a08f: Executing skill 'presentation_build'
2026-07-03 18:20:59,223 INFO skill_runner: Job 917758c3a08f: DRY RUN — skipping actual execution
2026-07-03 18:20:59,224 INFO skill_runner: Job 917758c3a08f: Params: {'topic': 'test'}
2026-07-03 18:20:59,224 INFO skill_runner: Job 917758c3a08f: Tool bundle: none
2026-07-03 18:20:59,224 INFO skill_runner: Job 917758c3a08f: Model alias: none
2026-07-03 18:20:59,224 INFO skill_runner: DRY RUN job 917758c3a08f completed.
2026-07-03 18:20:59,224 INFO skill_runner: Job 917758c3a08f launched for skill 'presentation_build'.
2026-07-03 18:52:34,974 INFO skill_runner: Job dde0cf4ba0a7: Job created for skill 'deep_research'
2026-07-03 18:52:34,974 INFO skill_runner: Job dde0cf4ba0a7: Dry run mode enabled
2026-07-03 18:52:34,975 INFO skill_runner: Job dde0cf4ba0a7: Executing skill 'deep_research'
2026-07-03 18:52:34,975 INFO skill_runner: Job dde0cf4ba0a7: DRY RUN — skipping actual execution
2026-07-03 18:52:34,975 INFO skill_runner: Job dde0cf4ba0a7: Params: {'query': 'what is homelab'}
2026-07-03 18:52:34,975 INFO skill_runner: Job dde0cf4ba0a7: Tool bundle: none
2026-07-03 18:52:34,975 INFO skill_runner: Job dde0cf4ba0a7: Model alias: none
2026-07-03 18:52:34,976 INFO skill_runner: DRY RUN job dde0cf4ba0a7 completed.
2026-07-03 18:52:34,976 INFO skill_runner: Job dde0cf4ba0a7 launched for skill 'deep_research'.
2026-07-03 21:03:11,493 INFO skill_runner: Job 9617b52fa28c: Job created for skill 'deep_research'
2026-07-03 21:03:11,493 INFO skill_runner: Job 9617b52fa28c: Executing skill 'deep_research'
2026-07-03 21:03:11,494 INFO skill_runner: Job 9617b52fa28c: Skill module found at: /app/skills/deep_research/skill.py
2026-07-03 21:03:11,494 INFO skill_runner: Job 9617b52fa28c: LiteLLM client initialised: base_url=http://litellm-proxy:4000
2026-07-03 21:03:11,509 INFO skill_runner: Job 9617b52fa28c: Skill module imported successfully
2026-07-03 21:03:11,509 INFO skill_runner: Job 9617b52fa28c: Passing sync client as 'litellm_client'
2026-07-03 21:03:11,509 INFO skill_runner: Job 9617b52fa28c: Invoking skill.run()...
2026-07-03 21:03:11,509 INFO skill_runner: Job 9617b52fa28c: Executing deep_research: query='what is LiteLLM...'
2026-07-03 21:03:11,510 INFO skill_runner: Job 9617b52fa28c: Depth: comprehensive, max_sources: 10
2026-07-03 21:03:11,510 INFO skill_runner: Job 9617b52fa28c: Model alias: matrix-coder
2026-07-03 21:03:11,510 INFO skill_runner: Job 9617b52fa28c: Max runtime: 900s
2026-07-03 21:03:11,510 INFO skill_runner: Job 9617b52fa28c: LiteLLM: http://litellm-proxy:4000
2026-07-03 21:03:11,510 INFO skill_runner: Job 9617b52fa28c: Phase 1: Collecting sources via LiteLLM...
2026-07-03 21:03:11,510 INFO skill.deep_research: Search query 1/3: what is LiteLLM
2026-07-03 21:03:11,578 INFO httpx: HTTP Request: POST http://litellm-proxy:4000/mcp-rest/tools/call "HTTP/1.1 403 Forbidden"
2026-07-03 21:03:11,580 INFO skill_runner: Job 9617b52fa28c: Unexpected error: Client error '403 Forbidden' for url 'http://litellm-proxy:4000/mcp-rest/tools/call'
For more information check: https://developer.mozilla.org/en-US/docs/Web/HTTP/Status/403
2026-07-03 21:03:11,580 INFO skill.deep_research: Artifact written: /home/chuck/data/media/research_reports/deep_research_2026-07-04T02-03-11_what-is-LiteLLM.md
2026-07-03 21:03:11,581 INFO skill_runner: Job 9617b52fa28c: Skill.run() returned: ['summary', 'report', 'sources', 'artifact_path', 'error', 'model_alias']
2026-07-03 21:03:11,581 INFO skill_runner: Job 9617b52fa28c: Skill reported error: Unexpected error: Client error '403 Forbidden' for url 'http://litellm-proxy:4000/mcp-rest/tools/call'
For more information check: https://developer.mozilla.org/en-US/docs/Web/HTTP/Status/403
2026-07-03 21:03:11,581 INFO skill_runner: Job 9617b52fa28c: Skill summary: Research failed: Unexpected error: Client error '403 Forbidden' for url 'http://litellm-proxy:4000/mcp-rest/tools/call'
For more information check: https://developer.mozilla.org/en-US/docs/Web/HTTP/St
2026-07-03 21:03:11,581 INFO skill_runner: Job 9617b52fa28c: Artifact path from skill: /home/chuck/data/media/research_reports/deep_research_2026-07-04T02-03-11_what-is-LiteLLM.md
2026-07-03 21:03:11,581 INFO skill_runner: Job 9617b52fa28c: Merged result key 'sources' into job params
2026-07-03 21:03:11,581 INFO skill_runner: Job 9617b52fa28c: Merged result key 'report' into job params
2026-07-03 21:03:11,581 INFO skill_runner: Job 9617b52fa28c failed: Unexpected error: Client error '403 Forbidden' for url 'http://litellm-proxy:4000/mcp-rest/tools/call'
For more information check: https://developer.mozilla.org/en-US/docs/Web/HTTP/Status/403
2026-07-03 21:03:11,582 INFO skill_runner: Job 9617b52fa28c launched for skill 'deep_research'.
2026-07-03 21:10:42,661 INFO skill_runner: Job 77cb5dd68342: Job created for skill 'deep_research'
2026-07-03 21:10:42,661 INFO skill_runner: Job 77cb5dd68342: Executing skill 'deep_research'
2026-07-03 21:10:42,662 INFO skill_runner: Job 77cb5dd68342: Skill module found at: /app/skills/deep_research/skill.py
2026-07-03 21:10:42,662 INFO skill_runner: Job 77cb5dd68342: LiteLLM client initialised: base_url=http://litellm-proxy:4000
2026-07-03 21:10:42,674 INFO skill_runner: Job 77cb5dd68342: Skill module imported successfully
2026-07-03 21:10:42,674 INFO skill_runner: Job 77cb5dd68342: Passing sync client as 'litellm_client'
2026-07-03 21:10:42,674 INFO skill_runner: Job 77cb5dd68342: Invoking skill.run()...
2026-07-03 21:10:42,674 INFO skill_runner: Job 77cb5dd68342: Executing deep_research: query='What is Docker Compose and how does it work...'
2026-07-03 21:10:42,675 INFO skill_runner: Job 77cb5dd68342: Depth: quick, max_sources: 3
2026-07-03 21:10:42,675 INFO skill_runner: Job 77cb5dd68342: Model alias: matrix-coder
2026-07-03 21:10:42,675 INFO skill_runner: Job 77cb5dd68342: Max runtime: 900s
2026-07-03 21:10:42,675 INFO skill_runner: Job 77cb5dd68342: LiteLLM: http://litellm-proxy:4000
2026-07-03 21:10:42,675 INFO skill_runner: Job 77cb5dd68342: Phase 1: Collecting sources via LiteLLM...
2026-07-03 21:10:42,675 INFO skill.deep_research: Search query 1/1: What is Docker Compose and how does it work
2026-07-03 21:10:42,676 INFO skill_runner: SSE MCP call: server=mcp_search base_url=http://mcp_search:8000 tool=search_web
2026-07-03 21:10:42,751 INFO httpx: HTTP Request: GET http://mcp_search:8000/sse "HTTP/1.1 200 OK"
2026-07-03 21:10:42,758 INFO httpx: HTTP Request: POST http://mcp_search:8000/messages/?session_id=5fae6cef80a1437b9e293c249a6c653e "HTTP/1.1 404 Not Found"
2026-07-03 21:10:42,759 INFO skill_runner: Job 77cb5dd68342: Unexpected error: Client error '404 Not Found' for url 'http://mcp_search:8000/messages/?session_id=5fae6cef80a1437b9e293c249a6c653e'
For more information check: https://developer.mozilla.org/en-US/docs/Web/HTTP/Status/404
2026-07-03 21:10:42,760 INFO skill.deep_research: Artifact written: /home/chuck/data/media/research_reports/deep_research_2026-07-04T02-10-42_What-is-Docker-Compose-and-how-does-it-work.md
2026-07-03 21:10:42,760 INFO skill_runner: Job 77cb5dd68342: Skill.run() returned: ['summary', 'report', 'sources', 'artifact_path', 'error', 'model_alias']
2026-07-03 21:10:42,761 INFO skill_runner: Job 77cb5dd68342: Skill reported error: Unexpected error: Client error '404 Not Found' for url 'http://mcp_search:8000/messages/?session_id=5fae6cef80a1437b9e293c249a6c653e'
For more information check: https://developer.mozilla.org/en-US/docs/Web/HTTP/Status/404
2026-07-03 21:10:42,761 INFO skill_runner: Job 77cb5dd68342: Skill summary: Research failed: Unexpected error: Client error '404 Not Found' for url 'http://mcp_search:8000/messages/?session_id=5fae6cef80a1437b9e293c249a6c653e'
For more information check: https://developer.moz
2026-07-03 21:10:42,761 INFO skill_runner: Job 77cb5dd68342: Artifact path from skill: /home/chuck/data/media/research_reports/deep_research_2026-07-04T02-10-42_What-is-Docker-Compose-and-how-does-it-work.md
2026-07-03 21:10:42,761 INFO skill_runner: Job 77cb5dd68342: Merged result key 'report' into job params
2026-07-03 21:10:42,761 INFO skill_runner: Job 77cb5dd68342: Merged result key 'sources' into job params
2026-07-03 21:10:42,761 INFO skill_runner: Job 77cb5dd68342 failed: Unexpected error: Client error '404 Not Found' for url 'http://mcp_search:8000/messages/?session_id=5fae6cef80a1437b9e293c249a6c653e'
For more information check: https://developer.mozilla.org/en-US/docs/Web/HTTP/Status/404
2026-07-03 21:10:42,761 INFO skill_runner: Job 77cb5dd68342 launched for skill 'deep_research'.
2026-07-03 21:13:13,938 INFO skill_runner: Job 411f1dc96530: Job created for skill 'deep_research'
2026-07-03 21:13:13,938 INFO skill_runner: Job 411f1dc96530: Executing skill 'deep_research'
2026-07-03 21:13:13,939 INFO skill_runner: Job 411f1dc96530: Skill module found at: /app/skills/deep_research/skill.py
2026-07-03 21:13:13,939 INFO skill_runner: Job 411f1dc96530: LiteLLM client initialised: base_url=http://litellm-proxy:4000
2026-07-03 21:13:13,960 INFO skill_runner: Job 411f1dc96530: Skill module imported successfully
2026-07-03 21:13:13,961 INFO skill_runner: Job 411f1dc96530: Passing sync client as 'litellm_client'
2026-07-03 21:13:13,961 INFO skill_runner: Job 411f1dc96530: Invoking skill.run()...
2026-07-03 21:13:13,961 INFO skill_runner: Job 411f1dc96530: Executing deep_research: query='What is Docker Compose and how does it work...'
2026-07-03 21:13:13,961 INFO skill_runner: Job 411f1dc96530: Depth: quick, max_sources: 3
2026-07-03 21:13:13,961 INFO skill_runner: Job 411f1dc96530: Model alias: matrix-coder
2026-07-03 21:13:13,962 INFO skill_runner: Job 411f1dc96530: Max runtime: 900s
2026-07-03 21:13:13,962 INFO skill_runner: Job 411f1dc96530: LiteLLM: http://litellm-proxy:4000
2026-07-03 21:13:13,962 INFO skill_runner: Job 411f1dc96530: Phase 1: Collecting sources via LiteLLM...
2026-07-03 21:13:13,962 INFO skill.deep_research: Search query 1/1: What is Docker Compose and how does it work
2026-07-03 21:13:13,964 INFO skill_runner: SSE MCP call: server=mcp_search base_url=http://mcp_search:8000 tool=search_web
2026-07-03 21:13:14,044 INFO httpx: HTTP Request: GET http://mcp_search:8000/sse "HTTP/1.1 200 OK"
2026-07-03 21:13:14,045 INFO skill_runner: SSE endpoint obtained: /messages/?session_id=5ac5eac8aa504cc198f6487d575f0803
2026-07-03 21:13:14,051 INFO httpx: HTTP Request: POST http://mcp_search:8000/messages/?session_id=5ac5eac8aa504cc198f6487d575f0803 "HTTP/1.1 404 Not Found"
2026-07-03 21:13:14,053 INFO skill_runner: Job 411f1dc96530: Unexpected error: Client error '404 Not Found' for url 'http://mcp_search:8000/messages/?session_id=5ac5eac8aa504cc198f6487d575f0803'
For more information check: https://developer.mozilla.org/en-US/docs/Web/HTTP/Status/404
2026-07-03 21:13:14,054 INFO skill.deep_research: Artifact written: /home/chuck/data/media/research_reports/deep_research_2026-07-04T02-13-14_What-is-Docker-Compose-and-how-does-it-work.md
2026-07-03 21:13:14,054 INFO skill_runner: Job 411f1dc96530: Skill.run() returned: ['summary', 'report', 'sources', 'artifact_path', 'error', 'model_alias']
2026-07-03 21:13:14,054 INFO skill_runner: Job 411f1dc96530: Skill reported error: Unexpected error: Client error '404 Not Found' for url 'http://mcp_search:8000/messages/?session_id=5ac5eac8aa504cc198f6487d575f0803'
For more information check: https://developer.mozilla.org/en-US/docs/Web/HTTP/Status/404
2026-07-03 21:13:14,055 INFO skill_runner: Job 411f1dc96530: Skill summary: Research failed: Unexpected error: Client error '404 Not Found' for url 'http://mcp_search:8000/messages/?session_id=5ac5eac8aa504cc198f6487d575f0803'
For more information check: https://developer.moz
2026-07-03 21:13:14,055 INFO skill_runner: Job 411f1dc96530: Artifact path from skill: /home/chuck/data/media/research_reports/deep_research_2026-07-04T02-13-14_What-is-Docker-Compose-and-how-does-it-work.md
2026-07-03 21:13:14,055 INFO skill_runner: Job 411f1dc96530: Merged result key 'report' into job params
2026-07-03 21:13:14,055 INFO skill_runner: Job 411f1dc96530: Merged result key 'sources' into job params
2026-07-03 21:13:14,055 INFO skill_runner: Job 411f1dc96530 failed: Unexpected error: Client error '404 Not Found' for url 'http://mcp_search:8000/messages/?session_id=5ac5eac8aa504cc198f6487d575f0803'
For more information check: https://developer.mozilla.org/en-US/docs/Web/HTTP/Status/404
2026-07-03 21:13:14,055 INFO skill_runner: Job 411f1dc96530 launched for skill 'deep_research'.
2026-07-03 21:16:24,996 INFO skill_runner: Job a00045f509ea: Job created for skill 'deep_research'
2026-07-03 21:16:24,996 INFO skill_runner: Job a00045f509ea: Executing skill 'deep_research'
2026-07-03 21:16:24,997 INFO skill_runner: Job a00045f509ea: Skill module found at: /app/skills/deep_research/skill.py
2026-07-03 21:16:24,997 INFO skill_runner: Job a00045f509ea: LiteLLM client initialised: base_url=http://litellm-proxy:4000
2026-07-03 21:16:25,015 INFO skill_runner: Job a00045f509ea: Skill module imported successfully
2026-07-03 21:16:25,016 INFO skill_runner: Job a00045f509ea: Passing sync client as 'litellm_client'
2026-07-03 21:16:25,016 INFO skill_runner: Job a00045f509ea: Invoking skill.run()...
2026-07-03 21:16:25,016 INFO skill_runner: Job a00045f509ea: Executing deep_research: query='What is Docker Compose and how does it work...'
2026-07-03 21:16:25,016 INFO skill_runner: Job a00045f509ea: Depth: quick, max_sources: 3
2026-07-03 21:16:25,016 INFO skill_runner: Job a00045f509ea: Model alias: matrix-coder
2026-07-03 21:16:25,016 INFO skill_runner: Job a00045f509ea: Max runtime: 900s
2026-07-03 21:16:25,017 INFO skill_runner: Job a00045f509ea: LiteLLM: http://litellm-proxy:4000
2026-07-03 21:16:25,017 INFO skill_runner: Job a00045f509ea: Phase 1: Collecting sources via LiteLLM...
2026-07-03 21:16:25,017 INFO skill.deep_research: Search query 1/1: What is Docker Compose and how does it work
2026-07-03 21:16:25,018 INFO skill_runner: SSE MCP call: server=mcp_search base_url=http://mcp_search:8000 tool=search_web
2026-07-03 21:16:25,103 INFO httpx: HTTP Request: GET http://mcp_search:8000/sse "HTTP/1.1 200 OK"
2026-07-03 21:16:25,104 INFO skill_runner: SSE endpoint obtained: /messages/?session_id=34e9547241d74c17bd89ad80d2558dab
2026-07-03 21:16:25,104 INFO skill_runner: POSTing to http://mcp_search:8000/messages/?session_id=34e9547241d74c17bd89ad80d2558dab
2026-07-03 21:16:25,110 INFO httpx: HTTP Request: POST http://mcp_search:8000/messages/?session_id=34e9547241d74c17bd89ad80d2558dab "HTTP/1.1 202 Accepted"
2026-07-03 21:16:25,111 INFO skill_runner: POST to http://mcp_search:8000/messages/?session_id=34e9547241d74c17bd89ad80d2558dab returned status 202
2026-07-03 21:16:25,112 ERROR asyncio: Task was destroyed but it is pending!
task: <Task pending name='Task-10' coro=<<async_generator_athrow without __name__>()>>
2026-07-03 21:16:25,112 INFO skill.deep_research: Web search returned 0 results for: What is Docker Compose and how does it work
2026-07-03 21:16:25,113 INFO skill.deep_research: Collected 0 unique sources (max requested: 3)
2026-07-03 21:16:25,113 INFO skill_runner: Job a00045f509ea: No sources found — generating empty report
2026-07-03 21:16:25,113 INFO skill.deep_research: Artifact written: /home/chuck/data/media/research_reports/deep_research_2026-07-04T02-16-25_What-is-Docker-Compose-and-how-does-it-work.md
2026-07-03 21:16:25,114 INFO skill_runner: Job a00045f509ea: Artifact saved: /home/chuck/data/media/research_reports/deep_research_2026-07-04T02-16-25_What-is-Docker-Compose-and-how-does-it-work.md
2026-07-03 21:16:25,114 INFO skill_runner: Job a00045f509ea: deep_research completed: 0 sources, 204 chars
2026-07-03 21:16:25,114 INFO skill_runner: Job a00045f509ea: Skill.run() returned: ['summary', 'report', 'sources', 'artifact_path', 'model_alias', 'depth']
2026-07-03 21:16:25,114 INFO skill_runner: Job a00045f509ea: Skill summary: # Research Report: What is Docker Compose and how does it work
**No sources found.** The research query returned no relevant results. Please try a different query or broader terms.
**Date:** 2026-07-0
2026-07-03 21:16:25,115 INFO skill_runner: Job a00045f509ea: Artifact path from skill: /home/chuck/data/media/research_reports/deep_research_2026-07-04T02-16-25_What-is-Docker-Compose-and-how-does-it-work.md
2026-07-03 21:16:25,115 INFO skill_runner: Job a00045f509ea: Merged result key 'sources' into job params
2026-07-03 21:16:25,115 INFO skill_runner: Job a00045f509ea: Merged result key 'report' into job params
2026-07-03 21:16:25,115 INFO skill_runner: Job a00045f509ea completed successfully.
2026-07-03 21:16:25,115 INFO skill_runner: Job a00045f509ea launched for skill 'deep_research'.
2026-07-03 21:18:32,207 INFO skill_runner: Job 935baa54f754: Job created for skill 'deep_research'
2026-07-03 21:18:32,208 INFO skill_runner: Job 935baa54f754: Executing skill 'deep_research'
2026-07-03 21:18:32,208 INFO skill_runner: Job 935baa54f754: Skill module found at: /app/skills/deep_research/skill.py
2026-07-03 21:18:32,208 INFO skill_runner: Job 935baa54f754: LiteLLM client initialised: base_url=http://litellm-proxy:4000
2026-07-03 21:18:32,224 INFO skill_runner: Job 935baa54f754: Skill module imported successfully
2026-07-03 21:18:32,224 INFO skill_runner: Job 935baa54f754: Passing sync client as 'litellm_client'
2026-07-03 21:18:32,224 INFO skill_runner: Job 935baa54f754: Invoking skill.run()...
2026-07-03 21:18:32,224 INFO skill_runner: Job 935baa54f754: Executing deep_research: query='What is Docker Compose and how does it work...'
2026-07-03 21:18:32,225 INFO skill_runner: Job 935baa54f754: Depth: quick, max_sources: 3
2026-07-03 21:18:32,225 INFO skill_runner: Job 935baa54f754: Model alias: matrix-coder
2026-07-03 21:18:32,225 INFO skill_runner: Job 935baa54f754: Max runtime: 900s
2026-07-03 21:18:32,225 INFO skill_runner: Job 935baa54f754: LiteLLM: http://litellm-proxy:4000
2026-07-03 21:18:32,225 INFO skill_runner: Job 935baa54f754: Phase 1: Collecting sources via LiteLLM...
2026-07-03 21:18:32,225 INFO skill.deep_research: Search query 1/1: What is Docker Compose and how does it work
2026-07-03 21:18:32,226 INFO skill_runner: SSE MCP call: server=mcp_search base_url=http://mcp_search:8000 tool=search_web
2026-07-03 21:18:32,306 INFO httpx: HTTP Request: GET http://mcp_search:8000/sse "HTTP/1.1 200 OK"
2026-07-03 21:18:32,307 INFO skill_runner: SSE endpoint obtained: /messages/?session_id=85d298e32f7649d6872e1c56a93f7310
2026-07-03 21:18:32,307 INFO skill_runner: POSTing MCP initialize to http://mcp_search:8000/messages/?session_id=85d298e32f7649d6872e1c56a93f7310
2026-07-03 21:18:32,314 INFO httpx: HTTP Request: POST http://mcp_search:8000/messages/?session_id=85d298e32f7649d6872e1c56a93f7310 "HTTP/1.1 202 Accepted"
2026-07-03 21:18:32,315 INFO skill_runner: MCP initialized (server: mcp_search)
2026-07-03 21:18:32,319 INFO httpx: HTTP Request: POST http://mcp_search:8000/messages/?session_id=85d298e32f7649d6872e1c56a93f7310 "HTTP/1.1 202 Accepted"
2026-07-03 21:18:32,320 INFO skill_runner: POSTing tools/call to http://mcp_search:8000/messages/?session_id=85d298e32f7649d6872e1c56a93f7310
2026-07-03 21:18:32,324 INFO httpx: HTTP Request: POST http://mcp_search:8000/messages/?session_id=85d298e32f7649d6872e1c56a93f7310 "HTTP/1.1 202 Accepted"
2026-07-03 21:18:32,325 INFO skill_runner: POST to http://mcp_search:8000/messages/?session_id=85d298e32f7649d6872e1c56a93f7310 returned status 202
2026-07-03 21:18:35,391 ERROR asyncio: Task was destroyed but it is pending!
task: <Task pending name='Task-10' coro=<<async_generator_athrow without __name__>()>>
2026-07-03 21:18:35,391 INFO skill.deep_research: Web search returned 0 results for: What is Docker Compose and how does it work
2026-07-03 21:18:35,391 INFO skill.deep_research: Collected 0 unique sources (max requested: 3)
2026-07-03 21:18:35,391 INFO skill_runner: Job 935baa54f754: No sources found — generating empty report
2026-07-03 21:18:35,392 INFO skill.deep_research: Artifact written: /home/chuck/data/media/research_reports/deep_research_2026-07-04T02-18-35_What-is-Docker-Compose-and-how-does-it-work.md
2026-07-03 21:18:35,392 INFO skill_runner: Job 935baa54f754: Artifact saved: /home/chuck/data/media/research_reports/deep_research_2026-07-04T02-18-35_What-is-Docker-Compose-and-how-does-it-work.md
2026-07-03 21:18:35,392 INFO skill_runner: Job 935baa54f754: deep_research completed: 0 sources, 204 chars
2026-07-03 21:18:35,392 INFO skill_runner: Job 935baa54f754: Skill.run() returned: ['summary', 'report', 'sources', 'artifact_path', 'model_alias', 'depth']
2026-07-03 21:18:35,392 INFO skill_runner: Job 935baa54f754: Skill summary: # Research Report: What is Docker Compose and how does it work
**No sources found.** The research query returned no relevant results. Please try a different query or broader terms.
**Date:** 2026-07-0
2026-07-03 21:18:35,392 INFO skill_runner: Job 935baa54f754: Artifact path from skill: /home/chuck/data/media/research_reports/deep_research_2026-07-04T02-18-35_What-is-Docker-Compose-and-how-does-it-work.md
2026-07-03 21:18:35,393 INFO skill_runner: Job 935baa54f754: Merged result key 'sources' into job params
2026-07-03 21:18:35,393 INFO skill_runner: Job 935baa54f754: Merged result key 'report' into job params
2026-07-03 21:18:35,393 INFO skill_runner: Job 935baa54f754 completed successfully.
2026-07-03 21:18:35,393 INFO skill_runner: Job 935baa54f754 launched for skill 'deep_research'.
2026-07-03 21:20:18,648 INFO skill_runner: Job 50603a19ece5: Job created for skill 'deep_research'
2026-07-03 21:20:18,648 INFO skill_runner: Job 50603a19ece5: Executing skill 'deep_research'
2026-07-03 21:20:18,648 INFO skill_runner: Job 50603a19ece5: Skill module found at: /app/skills/deep_research/skill.py
2026-07-03 21:20:18,649 INFO skill_runner: Job 50603a19ece5: LiteLLM client initialised: base_url=http://litellm-proxy:4000
2026-07-03 21:20:18,664 INFO skill_runner: Job 50603a19ece5: Skill module imported successfully
2026-07-03 21:20:18,665 INFO skill_runner: Job 50603a19ece5: Passing sync client as 'litellm_client'
2026-07-03 21:20:18,665 INFO skill_runner: Job 50603a19ece5: Invoking skill.run()...
2026-07-03 21:20:18,665 INFO skill_runner: Job 50603a19ece5: Executing deep_research: query='What is Docker Compose and how does it work...'
2026-07-03 21:20:18,665 INFO skill_runner: Job 50603a19ece5: Depth: quick, max_sources: 3
2026-07-03 21:20:18,665 INFO skill_runner: Job 50603a19ece5: Model alias: matrix-coder
2026-07-03 21:20:18,665 INFO skill_runner: Job 50603a19ece5: Max runtime: 900s
2026-07-03 21:20:18,665 INFO skill_runner: Job 50603a19ece5: LiteLLM: http://litellm-proxy:4000
2026-07-03 21:20:18,665 INFO skill_runner: Job 50603a19ece5: Phase 1: Collecting sources via LiteLLM...
2026-07-03 21:20:18,665 INFO skill.deep_research: Search query 1/1: What is Docker Compose and how does it work
2026-07-03 21:20:18,666 INFO skill_runner: SSE MCP call: server=mcp_search base_url=http://mcp_search:8000 tool=search_web
2026-07-03 21:20:18,739 INFO skill_runner: Job 50603a19ece5: Unexpected error: httpx.Timeout must either include a default, or set all four parameters explicitly.
2026-07-03 21:20:18,740 INFO skill.deep_research: Artifact written: /home/chuck/data/media/research_reports/deep_research_2026-07-04T02-20-18_What-is-Docker-Compose-and-how-does-it-work.md
2026-07-03 21:20:18,740 INFO skill_runner: Job 50603a19ece5: Skill.run() returned: ['summary', 'report', 'sources', 'artifact_path', 'error', 'model_alias']
2026-07-03 21:20:18,740 INFO skill_runner: Job 50603a19ece5: Skill reported error: Unexpected error: httpx.Timeout must either include a default, or set all four parameters explicitly.
2026-07-03 21:20:18,740 INFO skill_runner: Job 50603a19ece5: Skill summary: Research failed: Unexpected error: httpx.Timeout must either include a default, or set all four parameters explicitly.
2026-07-03 21:20:18,741 INFO skill_runner: Job 50603a19ece5: Artifact path from skill: /home/chuck/data/media/research_reports/deep_research_2026-07-04T02-20-18_What-is-Docker-Compose-and-how-does-it-work.md
2026-07-03 21:20:18,741 INFO skill_runner: Job 50603a19ece5: Merged result key 'report' into job params
2026-07-03 21:20:18,741 INFO skill_runner: Job 50603a19ece5: Merged result key 'sources' into job params
2026-07-03 21:20:18,741 INFO skill_runner: Job 50603a19ece5 failed: Unexpected error: httpx.Timeout must either include a default, or set all four parameters explicitly.
2026-07-03 21:20:18,741 INFO skill_runner: Job 50603a19ece5 launched for skill 'deep_research'.
2026-07-03 21:20:57,353 INFO skill_runner: Job d3d9bf8825cd: Job created for skill 'deep_research'
2026-07-03 21:20:57,354 INFO skill_runner: Job d3d9bf8825cd: Executing skill 'deep_research'
2026-07-03 21:20:57,354 INFO skill_runner: Job d3d9bf8825cd: Skill module found at: /app/skills/deep_research/skill.py
2026-07-03 21:20:57,354 INFO skill_runner: Job d3d9bf8825cd: LiteLLM client initialised: base_url=http://litellm-proxy:4000
2026-07-03 21:20:57,376 INFO skill_runner: Job d3d9bf8825cd: Skill module imported successfully
2026-07-03 21:20:57,376 INFO skill_runner: Job d3d9bf8825cd: Passing sync client as 'litellm_client'
2026-07-03 21:20:57,376 INFO skill_runner: Job d3d9bf8825cd: Invoking skill.run()...
2026-07-03 21:20:57,377 INFO skill_runner: Job d3d9bf8825cd: Executing deep_research: query='What is Docker Compose and how does it work...'
2026-07-03 21:20:57,377 INFO skill_runner: Job d3d9bf8825cd: Depth: quick, max_sources: 3
2026-07-03 21:20:57,377 INFO skill_runner: Job d3d9bf8825cd: Model alias: matrix-coder
2026-07-03 21:20:57,377 INFO skill_runner: Job d3d9bf8825cd: Max runtime: 900s
2026-07-03 21:20:57,377 INFO skill_runner: Job d3d9bf8825cd: LiteLLM: http://litellm-proxy:4000
2026-07-03 21:20:57,377 INFO skill_runner: Job d3d9bf8825cd: Phase 1: Collecting sources via LiteLLM...
2026-07-03 21:20:57,377 INFO skill.deep_research: Search query 1/1: What is Docker Compose and how does it work
2026-07-03 21:20:57,378 INFO skill_runner: SSE MCP call: server=mcp_search base_url=http://mcp_search:8000 tool=search_web
2026-07-03 21:20:57,444 INFO skill_runner: Job d3d9bf8825cd: Unexpected error: AsyncClient.send() got an unexpected keyword argument 'timeout'
2026-07-03 21:20:57,445 INFO skill.deep_research: Artifact written: /home/chuck/data/media/research_reports/deep_research_2026-07-04T02-20-57_What-is-Docker-Compose-and-how-does-it-work.md
2026-07-03 21:20:57,445 INFO skill_runner: Job d3d9bf8825cd: Skill.run() returned: ['summary', 'report', 'sources', 'artifact_path', 'error', 'model_alias']
2026-07-03 21:20:57,446 INFO skill_runner: Job d3d9bf8825cd: Skill reported error: Unexpected error: AsyncClient.send() got an unexpected keyword argument 'timeout'
2026-07-03 21:20:57,446 INFO skill_runner: Job d3d9bf8825cd: Skill summary: Research failed: Unexpected error: AsyncClient.send() got an unexpected keyword argument 'timeout'
2026-07-03 21:20:57,446 INFO skill_runner: Job d3d9bf8825cd: Artifact path from skill: /home/chuck/data/media/research_reports/deep_research_2026-07-04T02-20-57_What-is-Docker-Compose-and-how-does-it-work.md
2026-07-03 21:20:57,446 INFO skill_runner: Job d3d9bf8825cd: Merged result key 'sources' into job params
2026-07-03 21:20:57,446 INFO skill_runner: Job d3d9bf8825cd: Merged result key 'report' into job params
2026-07-03 21:20:57,447 INFO skill_runner: Job d3d9bf8825cd failed: Unexpected error: AsyncClient.send() got an unexpected keyword argument 'timeout'
2026-07-03 21:20:57,447 INFO skill_runner: Job d3d9bf8825cd launched for skill 'deep_research'.
2026-07-03 21:21:56,714 INFO skill_runner: Job 1e96bdbd9d4c: Job created for skill 'deep_research'
2026-07-03 21:21:56,715 INFO skill_runner: Job 1e96bdbd9d4c: Executing skill 'deep_research'
2026-07-03 21:21:56,715 INFO skill_runner: Job 1e96bdbd9d4c: Skill module found at: /app/skills/deep_research/skill.py
2026-07-03 21:21:56,715 INFO skill_runner: Job 1e96bdbd9d4c: LiteLLM client initialised: base_url=http://litellm-proxy:4000
2026-07-03 21:21:56,730 INFO skill_runner: Job 1e96bdbd9d4c: Skill module imported successfully
2026-07-03 21:21:56,730 INFO skill_runner: Job 1e96bdbd9d4c: Passing sync client as 'litellm_client'
2026-07-03 21:21:56,730 INFO skill_runner: Job 1e96bdbd9d4c: Invoking skill.run()...
2026-07-03 21:21:56,730 INFO skill_runner: Job 1e96bdbd9d4c: Executing deep_research: query='What is Docker Compose and how does it work...'
2026-07-03 21:21:56,731 INFO skill_runner: Job 1e96bdbd9d4c: Depth: quick, max_sources: 3
2026-07-03 21:21:56,731 INFO skill_runner: Job 1e96bdbd9d4c: Model alias: matrix-coder
2026-07-03 21:21:56,731 INFO skill_runner: Job 1e96bdbd9d4c: Max runtime: 900s
2026-07-03 21:21:56,731 INFO skill_runner: Job 1e96bdbd9d4c: LiteLLM: http://litellm-proxy:4000
2026-07-03 21:21:56,731 INFO skill_runner: Job 1e96bdbd9d4c: Phase 1: Collecting sources via LiteLLM...
2026-07-03 21:21:56,731 INFO skill.deep_research: Search query 1/1: What is Docker Compose and how does it work
2026-07-03 21:21:56,732 INFO skill_runner: SSE MCP call: server=mcp_search base_url=http://mcp_search:8000 tool=search_web
2026-07-03 21:21:56,830 INFO httpx: HTTP Request: GET http://mcp_search:8000/sse "HTTP/1.1 200 OK"
2026-07-03 21:21:56,830 INFO skill_runner: SSE endpoint obtained: /messages/?session_id=ea24c5c6dd21441cb32f4a7082d84dbc
2026-07-03 21:21:56,831 INFO skill_runner: POSTing MCP initialize to http://mcp_search:8000/messages/?session_id=ea24c5c6dd21441cb32f4a7082d84dbc
2026-07-03 21:21:56,837 INFO httpx: HTTP Request: POST http://mcp_search:8000/messages/?session_id=ea24c5c6dd21441cb32f4a7082d84dbc "HTTP/1.1 202 Accepted"
2026-07-03 21:21:56,840 INFO skill_runner: MCP initialized (server: mcp_search)
2026-07-03 21:21:56,843 INFO httpx: HTTP Request: POST http://mcp_search:8000/messages/?session_id=ea24c5c6dd21441cb32f4a7082d84dbc "HTTP/1.1 202 Accepted"
2026-07-03 21:21:56,846 INFO skill_runner: POSTing tools/call to http://mcp_search:8000/messages/?session_id=ea24c5c6dd21441cb32f4a7082d84dbc
2026-07-03 21:21:56,850 INFO httpx: HTTP Request: POST http://mcp_search:8000/messages/?session_id=ea24c5c6dd21441cb32f4a7082d84dbc "HTTP/1.1 202 Accepted"
2026-07-03 21:21:56,851 INFO skill_runner: POST to http://mcp_search:8000/messages/?session_id=ea24c5c6dd21441cb32f4a7082d84dbc returned status 202
2026-07-03 21:21:59,886 ERROR asyncio: Task was destroyed but it is pending!
task: <Task pending name='Task-10' coro=<<async_generator_athrow without __name__>()>>
2026-07-03 21:21:59,886 INFO skill.deep_research: Web search returned 0 results for: What is Docker Compose and how does it work
2026-07-03 21:21:59,887 INFO skill.deep_research: Collected 0 unique sources (max requested: 3)
2026-07-03 21:21:59,887 INFO skill_runner: Job 1e96bdbd9d4c: No sources found — generating empty report
2026-07-03 21:21:59,887 INFO skill.deep_research: Artifact written: /home/chuck/data/media/research_reports/deep_research_2026-07-04T02-21-59_What-is-Docker-Compose-and-how-does-it-work.md
2026-07-03 21:21:59,887 INFO skill_runner: Job 1e96bdbd9d4c: Artifact saved: /home/chuck/data/media/research_reports/deep_research_2026-07-04T02-21-59_What-is-Docker-Compose-and-how-does-it-work.md
2026-07-03 21:21:59,887 INFO skill_runner: Job 1e96bdbd9d4c: deep_research completed: 0 sources, 204 chars
2026-07-03 21:21:59,888 INFO skill_runner: Job 1e96bdbd9d4c: Skill.run() returned: ['summary', 'report', 'sources', 'artifact_path', 'model_alias', 'depth']
2026-07-03 21:21:59,888 INFO skill_runner: Job 1e96bdbd9d4c: Skill summary: # Research Report: What is Docker Compose and how does it work
**No sources found.** The research query returned no relevant results. Please try a different query or broader terms.
**Date:** 2026-07-0
2026-07-03 21:21:59,888 INFO skill_runner: Job 1e96bdbd9d4c: Artifact path from skill: /home/chuck/data/media/research_reports/deep_research_2026-07-04T02-21-59_What-is-Docker-Compose-and-how-does-it-work.md
2026-07-03 21:21:59,888 INFO skill_runner: Job 1e96bdbd9d4c: Merged result key 'sources' into job params
2026-07-03 21:21:59,888 INFO skill_runner: Job 1e96bdbd9d4c: Merged result key 'report' into job params
2026-07-03 21:21:59,888 INFO skill_runner: Job 1e96bdbd9d4c completed successfully.
2026-07-03 21:21:59,888 INFO skill_runner: Job 1e96bdbd9d4c launched for skill 'deep_research'.
2026-07-03 21:26:54,644 INFO skill_runner: Job 04e8270c4614: Job created for skill 'deep_research'
2026-07-03 21:26:54,644 INFO skill_runner: Job 04e8270c4614: Executing skill 'deep_research'
2026-07-03 21:26:54,644 INFO skill_runner: Job 04e8270c4614: Skill module found at: /app/skills/deep_research/skill.py
2026-07-03 21:26:54,645 INFO skill_runner: Job 04e8270c4614: LiteLLM client initialised: base_url=http://litellm-proxy:4000
2026-07-03 21:26:54,667 INFO skill_runner: Job 04e8270c4614: Skill module imported successfully
2026-07-03 21:26:54,668 INFO skill_runner: Job 04e8270c4614: Passing sync client as 'litellm_client'
2026-07-03 21:26:54,668 INFO skill_runner: Job 04e8270c4614: Invoking skill.run()...
2026-07-03 21:26:54,668 INFO skill_runner: Job 04e8270c4614: Executing deep_research: query='What is the current status of Docker Compose version 3...'
2026-07-03 21:26:54,668 INFO skill_runner: Job 04e8270c4614: Depth: quick, max_sources: 3
2026-07-03 21:26:54,669 INFO skill_runner: Job 04e8270c4614: Model alias: matrix-coder
2026-07-03 21:26:54,669 INFO skill_runner: Job 04e8270c4614: Max runtime: 900s
2026-07-03 21:26:54,669 INFO skill_runner: Job 04e8270c4614: LiteLLM: http://litellm-proxy:4000
2026-07-03 21:26:54,669 INFO skill_runner: Job 04e8270c4614: Phase 1: Collecting sources via LiteLLM...
2026-07-03 21:26:54,669 INFO skill.deep_research: Search query 1/1: What is the current status of Docker Compose version 3
2026-07-03 21:26:54,671 INFO skill_runner: SSE MCP call: server=mcp_search base_url=http://mcp_search:8000 tool=search_web
2026-07-03 21:26:54,749 INFO httpx: HTTP Request: GET http://mcp_search:8000/sse "HTTP/1.1 200 OK"
2026-07-03 21:26:54,750 INFO skill_runner: SSE endpoint obtained: /messages/?session_id=967c1e1f8eae4d12bd5df863cee65ed3
2026-07-03 21:26:54,750 INFO skill_runner: POSTing MCP initialize to http://mcp_search:8000/messages/?session_id=967c1e1f8eae4d12bd5df863cee65ed3
2026-07-03 21:26:54,757 INFO httpx: HTTP Request: POST http://mcp_search:8000/messages/?session_id=967c1e1f8eae4d12bd5df863cee65ed3 "HTTP/1.1 202 Accepted"
2026-07-03 21:26:54,759 INFO skill_runner: MCP initialized (server: mcp_search)
2026-07-03 21:26:54,762 INFO httpx: HTTP Request: POST http://mcp_search:8000/messages/?session_id=967c1e1f8eae4d12bd5df863cee65ed3 "HTTP/1.1 202 Accepted"
2026-07-03 21:26:54,763 INFO skill_runner: POSTing tools/call to http://mcp_search:8000/messages/?session_id=967c1e1f8eae4d12bd5df863cee65ed3
2026-07-03 21:26:54,766 INFO httpx: HTTP Request: POST http://mcp_search:8000/messages/?session_id=967c1e1f8eae4d12bd5df863cee65ed3 "HTTP/1.1 202 Accepted"
2026-07-03 21:26:54,767 INFO skill_runner: POST returned status 202
2026-07-03 21:26:57,804 ERROR asyncio: Task was destroyed but it is pending!
task: <Task pending name='Task-10' coro=<<async_generator_athrow without __name__>()>>
2026-07-03 21:26:57,805 INFO skill.deep_research: Web search returned 0 results for: What is the current status of Docker Compose version 3
2026-07-03 21:26:57,805 INFO skill.deep_research: Collected 0 unique sources (max requested: 3)
2026-07-03 21:26:57,805 INFO skill_runner: Job 04e8270c4614: No sources found — generating empty report
2026-07-03 21:26:57,806 INFO skill.deep_research: Artifact written: /home/chuck/data/media/research_reports/deep_research_2026-07-04T02-26-57_What-is-the-current-status-of-Docker-Compose-version-3.md
2026-07-03 21:26:57,806 INFO skill_runner: Job 04e8270c4614: Artifact saved: /home/chuck/data/media/research_reports/deep_research_2026-07-04T02-26-57_What-is-the-current-status-of-Docker-Compose-version-3.md
2026-07-03 21:26:57,806 INFO skill_runner: Job 04e8270c4614: deep_research completed: 0 sources, 215 chars
2026-07-03 21:26:57,807 INFO skill_runner: Job 04e8270c4614: Skill.run() returned: ['summary', 'report', 'sources', 'artifact_path', 'model_alias', 'depth']
2026-07-03 21:26:57,807 INFO skill_runner: Job 04e8270c4614: Skill summary: # Research Report: What is the current status of Docker Compose version 3
**No sources found.** The research query returned no relevant results. Please try a different query or broader terms.
**Date:*
2026-07-03 21:26:57,807 INFO skill_runner: Job 04e8270c4614: Artifact path from skill: /home/chuck/data/media/research_reports/deep_research_2026-07-04T02-26-57_What-is-the-current-status-of-Docker-Compose-version-3.md
2026-07-03 21:26:57,807 INFO skill_runner: Job 04e8270c4614: Merged result key 'report' into job params
2026-07-03 21:26:57,807 INFO skill_runner: Job 04e8270c4614: Merged result key 'sources' into job params
2026-07-03 21:26:57,807 INFO skill_runner: Job 04e8270c4614 completed successfully.
2026-07-03 21:26:57,808 INFO skill_runner: Job 04e8270c4614 launched for skill 'deep_research'.
2026-07-03 21:30:42,570 INFO skill_runner: Job 7d831acd0141: Job created for skill 'deep_research'
2026-07-03 21:30:42,570 INFO skill_runner: Job 7d831acd0141: Executing skill 'deep_research'
2026-07-03 21:30:42,571 INFO skill_runner: Job 7d831acd0141: Skill module found at: /app/skills/deep_research/skill.py
2026-07-03 21:30:42,571 INFO skill_runner: Job 7d831acd0141: LiteLLM client initialised: base_url=http://litellm-proxy:4000
2026-07-03 21:30:42,585 INFO skill_runner: Job 7d831acd0141: Skill module imported successfully
2026-07-03 21:30:42,585 INFO skill_runner: Job 7d831acd0141: Passing sync client as 'litellm_client'
2026-07-03 21:30:42,585 INFO skill_runner: Job 7d831acd0141: Invoking skill.run()...
2026-07-03 21:30:42,585 INFO skill_runner: Job 7d831acd0141: Executing deep_research: query='What is Docker Compose version 3...'
2026-07-03 21:30:42,585 INFO skill_runner: Job 7d831acd0141: Depth: quick, max_sources: 3
2026-07-03 21:30:42,585 INFO skill_runner: Job 7d831acd0141: Model alias: matrix-coder
2026-07-03 21:30:42,586 INFO skill_runner: Job 7d831acd0141: Max runtime: 900s
2026-07-03 21:30:42,586 INFO skill_runner: Job 7d831acd0141: LiteLLM: http://litellm-proxy:4000
2026-07-03 21:30:42,586 INFO skill_runner: Job 7d831acd0141: Phase 1: Collecting sources via LiteLLM...
2026-07-03 21:30:42,586 INFO skill.deep_research: Search query 1/1: What is Docker Compose version 3
2026-07-03 21:30:42,587 INFO skill_runner: SSE MCP call: server=mcp_search base_url=http://mcp_search:8000 tool=search_web
2026-07-03 21:30:42,670 INFO httpx: HTTP Request: GET http://mcp_search:8000/sse "HTTP/1.1 200 OK"
2026-07-03 21:30:42,671 INFO skill_runner: SSE endpoint obtained: /messages/?session_id=3a13bcbd421d4150940b96ec69a982b0
2026-07-03 21:30:42,672 INFO skill_runner: POSTing MCP initialize to http://mcp_search:8000/messages/?session_id=3a13bcbd421d4150940b96ec69a982b0
2026-07-03 21:30:42,676 INFO httpx: HTTP Request: POST http://mcp_search:8000/messages/?session_id=3a13bcbd421d4150940b96ec69a982b0 "HTTP/1.1 202 Accepted"
2026-07-03 21:30:42,678 INFO skill_runner: MCP initialized (server: mcp_search)
2026-07-03 21:30:42,681 INFO httpx: HTTP Request: POST http://mcp_search:8000/messages/?session_id=3a13bcbd421d4150940b96ec69a982b0 "HTTP/1.1 202 Accepted"
2026-07-03 21:30:42,682 INFO skill_runner: POSTing tools/call to http://mcp_search:8000/messages/?session_id=3a13bcbd421d4150940b96ec69a982b0
2026-07-03 21:30:42,684 INFO httpx: HTTP Request: POST http://mcp_search:8000/messages/?session_id=3a13bcbd421d4150940b96ec69a982b0 "HTTP/1.1 202 Accepted"
2026-07-03 21:30:42,685 INFO skill_runner: POST returned status 202
2026-07-03 21:30:44,487 ERROR asyncio: Task was destroyed but it is pending!
task: <Task pending name='Task-10' coro=<<async_generator_athrow without __name__>()>>
2026-07-03 21:30:44,487 INFO skill.deep_research: Web search returned 0 results for: What is Docker Compose version 3
2026-07-03 21:30:44,488 INFO skill.deep_research: Collected 0 unique sources (max requested: 3)
2026-07-03 21:30:44,488 INFO skill_runner: Job 7d831acd0141: No sources found — generating empty report
2026-07-03 21:30:44,489 INFO skill.deep_research: Artifact written: /home/chuck/data/media/research_reports/deep_research_2026-07-04T02-30-44_What-is-Docker-Compose-version-3.md
2026-07-03 21:30:44,490 INFO skill_runner: Job 7d831acd0141: Artifact saved: /home/chuck/data/media/research_reports/deep_research_2026-07-04T02-30-44_What-is-Docker-Compose-version-3.md
2026-07-03 21:30:44,490 INFO skill_runner: Job 7d831acd0141: deep_research completed: 0 sources, 193 chars
2026-07-03 21:30:44,490 INFO skill_runner: Job 7d831acd0141: Skill.run() returned: ['summary', 'report', 'sources', 'artifact_path', 'model_alias', 'depth']
2026-07-03 21:30:44,490 INFO skill_runner: Job 7d831acd0141: Skill summary: # Research Report: What is Docker Compose version 3
**No sources found.** The research query returned no relevant results. Please try a different query or broader terms.
**Date:** 2026-07-04
2026-07-03 21:30:44,491 INFO skill_runner: Job 7d831acd0141: Artifact path from skill: /home/chuck/data/media/research_reports/deep_research_2026-07-04T02-30-44_What-is-Docker-Compose-version-3.md
2026-07-03 21:30:44,491 INFO skill_runner: Job 7d831acd0141: Merged result key 'report' into job params
2026-07-03 21:30:44,491 INFO skill_runner: Job 7d831acd0141: Merged result key 'sources' into job params
2026-07-03 21:30:44,491 INFO skill_runner: Job 7d831acd0141 completed successfully.
2026-07-03 21:30:44,491 INFO skill_runner: Job 7d831acd0141 launched for skill 'deep_research'.
2026-07-03 21:32:21,522 INFO skill_runner: Job d9ada646c24a: Job created for skill 'deep_research'
2026-07-03 21:32:21,523 INFO skill_runner: Job d9ada646c24a: Executing skill 'deep_research'
2026-07-03 21:32:21,523 INFO skill_runner: Job d9ada646c24a: Skill module found at: /app/skills/deep_research/skill.py
2026-07-03 21:32:21,523 INFO skill_runner: Job d9ada646c24a: LiteLLM client initialised: base_url=http://litellm-proxy:4000
2026-07-03 21:32:21,534 INFO skill_runner: Job d9ada646c24a: Skill module imported successfully
2026-07-03 21:32:21,534 INFO skill_runner: Job d9ada646c24a: Passing sync client as 'litellm_client'
2026-07-03 21:32:21,534 INFO skill_runner: Job d9ada646c24a: Invoking skill.run()...
2026-07-03 21:32:21,535 INFO skill_runner: Job d9ada646c24a: Executing deep_research: query='What is Docker Compose version 3...'
2026-07-03 21:32:21,535 INFO skill_runner: Job d9ada646c24a: Depth: quick, max_sources: 3
2026-07-03 21:32:21,535 INFO skill_runner: Job d9ada646c24a: Model alias: matrix-coder
2026-07-03 21:32:21,535 INFO skill_runner: Job d9ada646c24a: Max runtime: 900s
2026-07-03 21:32:21,535 INFO skill_runner: Job d9ada646c24a: LiteLLM: http://litellm-proxy:4000
2026-07-03 21:32:21,535 INFO skill_runner: Job d9ada646c24a: Phase 1: Collecting sources via LiteLLM...
2026-07-03 21:32:21,535 INFO skill.deep_research: Search query 1/1: What is Docker Compose version 3
2026-07-03 21:32:21,536 INFO skill_runner: SSE MCP call: server=mcp_search base_url=http://mcp_search:8000 tool=search_web
2026-07-03 21:32:21,632 INFO httpx: HTTP Request: GET http://mcp_search:8000/sse "HTTP/1.1 200 OK"
2026-07-03 21:32:21,633 INFO skill_runner: SSE endpoint obtained: /messages/?session_id=94c68150024e45cbbcd89e40709aa017
2026-07-03 21:32:21,633 INFO skill_runner: POSTing MCP initialize to http://mcp_search:8000/messages/?session_id=94c68150024e45cbbcd89e40709aa017
2026-07-03 21:32:21,639 INFO httpx: HTTP Request: POST http://mcp_search:8000/messages/?session_id=94c68150024e45cbbcd89e40709aa017 "HTTP/1.1 202 Accepted"
2026-07-03 21:32:21,640 INFO skill_runner: MCP initialized (server: mcp_search)
2026-07-03 21:32:21,643 INFO httpx: HTTP Request: POST http://mcp_search:8000/messages/?session_id=94c68150024e45cbbcd89e40709aa017 "HTTP/1.1 202 Accepted"
2026-07-03 21:32:21,644 INFO skill_runner: POSTing tools/call to http://mcp_search:8000/messages/?session_id=94c68150024e45cbbcd89e40709aa017
2026-07-03 21:32:21,646 INFO httpx: HTTP Request: POST http://mcp_search:8000/messages/?session_id=94c68150024e45cbbcd89e40709aa017 "HTTP/1.1 202 Accepted"
2026-07-03 21:32:21,647 INFO skill_runner: POST returned status 202
2026-07-03 21:32:22,564 ERROR asyncio: Task was destroyed but it is pending!
task: <Task pending name='Task-9' coro=<<async_generator_athrow without __name__>()>>
2026-07-03 21:32:22,564 INFO skill.deep_research: Web search returned 0 results for: What is Docker Compose version 3
2026-07-03 21:32:22,564 INFO skill.deep_research: Collected 0 unique sources (max requested: 3)
2026-07-03 21:32:22,565 INFO skill_runner: Job d9ada646c24a: No sources found — generating empty report
2026-07-03 21:32:22,565 INFO skill.deep_research: Artifact written: /home/chuck/data/media/research_reports/deep_research_2026-07-04T02-32-22_What-is-Docker-Compose-version-3.md
2026-07-03 21:32:22,566 INFO skill_runner: Job d9ada646c24a: Artifact saved: /home/chuck/data/media/research_reports/deep_research_2026-07-04T02-32-22_What-is-Docker-Compose-version-3.md
2026-07-03 21:32:22,566 INFO skill_runner: Job d9ada646c24a: deep_research completed: 0 sources, 193 chars
2026-07-03 21:32:22,566 INFO skill_runner: Job d9ada646c24a: Skill.run() returned: ['summary', 'report', 'sources', 'artifact_path', 'model_alias', 'depth']
2026-07-03 21:32:22,566 INFO skill_runner: Job d9ada646c24a: Skill summary: # Research Report: What is Docker Compose version 3
**No sources found.** The research query returned no relevant results. Please try a different query or broader terms.
**Date:** 2026-07-04
2026-07-03 21:32:22,567 INFO skill_runner: Job d9ada646c24a: Artifact path from skill: /home/chuck/data/media/research_reports/deep_research_2026-07-04T02-32-22_What-is-Docker-Compose-version-3.md
2026-07-03 21:32:22,567 INFO skill_runner: Job d9ada646c24a: Merged result key 'report' into job params
2026-07-03 21:32:22,567 INFO skill_runner: Job d9ada646c24a: Merged result key 'sources' into job params
2026-07-03 21:32:22,567 INFO skill_runner: Job d9ada646c24a completed successfully.
2026-07-03 21:32:22,567 INFO skill_runner: Job d9ada646c24a launched for skill 'deep_research'.
2026-07-03 21:33:39,548 INFO skill_runner: Job a63197c572b5: Job created for skill 'deep_research'
2026-07-03 21:33:39,548 INFO skill_runner: Job a63197c572b5: Executing skill 'deep_research'
2026-07-03 21:33:39,549 INFO skill_runner: Job a63197c572b5: Skill module found at: /app/skills/deep_research/skill.py
2026-07-03 21:33:39,549 INFO skill_runner: Job a63197c572b5: LiteLLM client initialised: base_url=http://litellm-proxy:4000
2026-07-03 21:33:39,562 INFO skill_runner: Job a63197c572b5: Skill module imported successfully
2026-07-03 21:33:39,562 INFO skill_runner: Job a63197c572b5: Passing sync client as 'litellm_client'
2026-07-03 21:33:39,562 INFO skill_runner: Job a63197c572b5: Invoking skill.run()...
2026-07-03 21:33:39,562 INFO skill_runner: Job a63197c572b5: Executing deep_research: query='What is Docker Compose version 3...'
2026-07-03 21:33:39,562 INFO skill_runner: Job a63197c572b5: Depth: quick, max_sources: 3
2026-07-03 21:33:39,563 INFO skill_runner: Job a63197c572b5: Model alias: matrix-coder
2026-07-03 21:33:39,563 INFO skill_runner: Job a63197c572b5: Max runtime: 900s
2026-07-03 21:33:39,563 INFO skill_runner: Job a63197c572b5: LiteLLM: http://litellm-proxy:4000
2026-07-03 21:33:39,563 INFO skill_runner: Job a63197c572b5: Phase 1: Collecting sources via LiteLLM...
2026-07-03 21:33:39,563 INFO skill.deep_research: Search query 1/1: What is Docker Compose version 3
2026-07-03 21:33:39,565 INFO skill_runner: SSE MCP call: server=mcp_search base_url=http://mcp_search:8000 tool=search_web
2026-07-03 21:33:39,662 INFO httpx: HTTP Request: GET http://mcp_search:8000/sse "HTTP/1.1 200 OK"
2026-07-03 21:33:39,663 INFO skill_runner: SSE endpoint obtained: /messages/?session_id=449c43605028423490c91562886038f3
2026-07-03 21:33:39,663 INFO skill_runner: POSTing MCP initialize to http://mcp_search:8000/messages/?session_id=449c43605028423490c91562886038f3
2026-07-03 21:33:39,668 INFO httpx: HTTP Request: POST http://mcp_search:8000/messages/?session_id=449c43605028423490c91562886038f3 "HTTP/1.1 202 Accepted"
2026-07-03 21:33:39,669 INFO skill_runner: MCP initialized (server: mcp_search)
2026-07-03 21:33:39,672 INFO httpx: HTTP Request: POST http://mcp_search:8000/messages/?session_id=449c43605028423490c91562886038f3 "HTTP/1.1 202 Accepted"
2026-07-03 21:33:39,673 INFO skill_runner: POSTing tools/call to http://mcp_search:8000/messages/?session_id=449c43605028423490c91562886038f3
2026-07-03 21:33:39,676 INFO httpx: HTTP Request: POST http://mcp_search:8000/messages/?session_id=449c43605028423490c91562886038f3 "HTTP/1.1 202 Accepted"
2026-07-03 21:33:39,677 INFO skill_runner: POST returned status 202
2026-07-03 21:33:40,529 ERROR asyncio: Task was destroyed but it is pending!
task: <Task pending name='Task-9' coro=<<async_generator_athrow without __name__>()>>
2026-07-03 21:33:40,530 INFO skill.deep_research: Web search returned 0 results for: What is Docker Compose version 3
2026-07-03 21:33:40,530 INFO skill.deep_research: Collected 0 unique sources (max requested: 3)
2026-07-03 21:33:40,530 INFO skill_runner: Job a63197c572b5: No sources found — generating empty report
2026-07-03 21:33:40,531 INFO skill.deep_research: Artifact written: /home/chuck/data/media/research_reports/deep_research_2026-07-04T02-33-40_What-is-Docker-Compose-version-3.md
2026-07-03 21:33:40,531 INFO skill_runner: Job a63197c572b5: Artifact saved: /home/chuck/data/media/research_reports/deep_research_2026-07-04T02-33-40_What-is-Docker-Compose-version-3.md
2026-07-03 21:33:40,532 INFO skill_runner: Job a63197c572b5: deep_research completed: 0 sources, 193 chars
2026-07-03 21:33:40,532 INFO skill_runner: Job a63197c572b5: Skill.run() returned: ['summary', 'report', 'sources', 'artifact_path', 'model_alias', 'depth']
2026-07-03 21:33:40,532 INFO skill_runner: Job a63197c572b5: Skill summary: # Research Report: What is Docker Compose version 3
**No sources found.** The research query returned no relevant results. Please try a different query or broader terms.
**Date:** 2026-07-04
2026-07-03 21:33:40,532 INFO skill_runner: Job a63197c572b5: Artifact path from skill: /home/chuck/data/media/research_reports/deep_research_2026-07-04T02-33-40_What-is-Docker-Compose-version-3.md
2026-07-03 21:33:40,532 INFO skill_runner: Job a63197c572b5: Merged result key 'report' into job params
2026-07-03 21:33:40,533 INFO skill_runner: Job a63197c572b5: Merged result key 'sources' into job params
2026-07-03 21:33:40,533 INFO skill_runner: Job a63197c572b5 completed successfully.
2026-07-03 21:33:40,533 INFO skill_runner: Job a63197c572b5 launched for skill 'deep_research'.
2026-07-03 21:34:32,788 INFO skill_runner: Job 7059ca3b254d: Job created for skill 'deep_research'
2026-07-03 21:34:32,789 INFO skill_runner: Job 7059ca3b254d: Executing skill 'deep_research'
2026-07-03 21:34:32,789 INFO skill_runner: Job 7059ca3b254d: Skill module found at: /app/skills/deep_research/skill.py
2026-07-03 21:34:32,789 INFO skill_runner: Job 7059ca3b254d: LiteLLM client initialised: base_url=http://litellm-proxy:4000
2026-07-03 21:34:32,800 INFO skill_runner: Job 7059ca3b254d: Skill module imported successfully
2026-07-03 21:34:32,800 INFO skill_runner: Job 7059ca3b254d: Passing sync client as 'litellm_client'
2026-07-03 21:34:32,800 INFO skill_runner: Job 7059ca3b254d: Invoking skill.run()...
2026-07-03 21:34:32,800 INFO skill_runner: Job 7059ca3b254d: Executing deep_research: query='What is Docker Compose version 3...'
2026-07-03 21:34:32,801 INFO skill_runner: Job 7059ca3b254d: Depth: quick, max_sources: 3
2026-07-03 21:34:32,801 INFO skill_runner: Job 7059ca3b254d: Model alias: matrix-coder
2026-07-03 21:34:32,801 INFO skill_runner: Job 7059ca3b254d: Max runtime: 900s
2026-07-03 21:34:32,801 INFO skill_runner: Job 7059ca3b254d: LiteLLM: http://litellm-proxy:4000
2026-07-03 21:34:32,801 INFO skill_runner: Job 7059ca3b254d: Phase 1: Collecting sources via LiteLLM...
2026-07-03 21:34:32,801 INFO skill.deep_research: Search query 1/1: What is Docker Compose version 3
2026-07-03 21:34:32,803 INFO skill_runner: SSE MCP call: server=mcp_search base_url=http://mcp_search:8000 tool=search_web
2026-07-03 21:34:32,889 INFO httpx: HTTP Request: GET http://mcp_search:8000/sse "HTTP/1.1 200 OK"
2026-07-03 21:34:32,890 INFO skill_runner: SSE endpoint obtained: /messages/?session_id=b066bbeed9f84cc7ae63d81f0eeddda8
2026-07-03 21:34:32,890 INFO skill_runner: POSTing MCP initialize to http://mcp_search:8000/messages/?session_id=b066bbeed9f84cc7ae63d81f0eeddda8
2026-07-03 21:34:32,896 INFO httpx: HTTP Request: POST http://mcp_search:8000/messages/?session_id=b066bbeed9f84cc7ae63d81f0eeddda8 "HTTP/1.1 202 Accepted"
2026-07-03 21:34:32,897 INFO skill_runner: MCP initialized (server: mcp_search)
2026-07-03 21:34:32,900 INFO httpx: HTTP Request: POST http://mcp_search:8000/messages/?session_id=b066bbeed9f84cc7ae63d81f0eeddda8 "HTTP/1.1 202 Accepted"
2026-07-03 21:34:32,901 INFO skill_runner: POSTing tools/call to http://mcp_search:8000/messages/?session_id=b066bbeed9f84cc7ae63d81f0eeddda8
2026-07-03 21:34:32,905 INFO httpx: HTTP Request: POST http://mcp_search:8000/messages/?session_id=b066bbeed9f84cc7ae63d81f0eeddda8 "HTTP/1.1 202 Accepted"
2026-07-03 21:34:32,906 INFO skill_runner: POST returned status 202
2026-07-03 21:34:33,776 INFO skill_runner: SSE reader got tool response: keys=['jsonrpc', 'id', 'result']
2026-07-03 21:34:33,776 INFO skill_runner: SSE reader: structuredContent=True, isError=False
2026-07-03 21:34:33,776 INFO skill_runner: SSE reader: response_ready set, structured=True, content=0
2026-07-03 21:34:33,778 ERROR asyncio: Task was destroyed but it is pending!
task: <Task pending name='Task-9' coro=<<async_generator_athrow without __name__>()>>
2026-07-03 21:34:33,778 INFO skill.deep_research: Web search returned 0 results for: What is Docker Compose version 3
2026-07-03 21:34:33,779 INFO skill.deep_research: Collected 0 unique sources (max requested: 3)
2026-07-03 21:34:33,779 INFO skill_runner: Job 7059ca3b254d: No sources found — generating empty report
2026-07-03 21:34:33,779 INFO skill.deep_research: Artifact written: /home/chuck/data/media/research_reports/deep_research_2026-07-04T02-34-33_What-is-Docker-Compose-version-3.md
2026-07-03 21:34:33,780 INFO skill_runner: Job 7059ca3b254d: Artifact saved: /home/chuck/data/media/research_reports/deep_research_2026-07-04T02-34-33_What-is-Docker-Compose-version-3.md
2026-07-03 21:34:33,780 INFO skill_runner: Job 7059ca3b254d: deep_research completed: 0 sources, 193 chars
2026-07-03 21:34:33,780 INFO skill_runner: Job 7059ca3b254d: Skill.run() returned: ['summary', 'report', 'sources', 'artifact_path', 'model_alias', 'depth']
2026-07-03 21:34:33,780 INFO skill_runner: Job 7059ca3b254d: Skill summary: # Research Report: What is Docker Compose version 3
**No sources found.** The research query returned no relevant results. Please try a different query or broader terms.
**Date:** 2026-07-04
2026-07-03 21:34:33,780 INFO skill_runner: Job 7059ca3b254d: Artifact path from skill: /home/chuck/data/media/research_reports/deep_research_2026-07-04T02-34-33_What-is-Docker-Compose-version-3.md
2026-07-03 21:34:33,780 INFO skill_runner: Job 7059ca3b254d: Merged result key 'report' into job params
2026-07-03 21:34:33,780 INFO skill_runner: Job 7059ca3b254d: Merged result key 'sources' into job params
2026-07-03 21:34:33,780 INFO skill_runner: Job 7059ca3b254d completed successfully.
2026-07-03 21:34:33,781 INFO skill_runner: Job 7059ca3b254d launched for skill 'deep_research'.
2026-07-03 21:35:11,133 INFO skill_runner: Job 1be18a791f0a: Job created for skill 'deep_research'
2026-07-03 21:35:11,133 INFO skill_runner: Job 1be18a791f0a: Executing skill 'deep_research'
2026-07-03 21:35:11,133 INFO skill_runner: Job 1be18a791f0a: Skill module found at: /app/skills/deep_research/skill.py
2026-07-03 21:35:11,133 INFO skill_runner: Job 1be18a791f0a: LiteLLM client initialised: base_url=http://litellm-proxy:4000
2026-07-03 21:35:11,144 INFO skill_runner: Job 1be18a791f0a: Skill module imported successfully
2026-07-03 21:35:11,144 INFO skill_runner: Job 1be18a791f0a: Passing sync client as 'litellm_client'
2026-07-03 21:35:11,144 INFO skill_runner: Job 1be18a791f0a: Invoking skill.run()...
2026-07-03 21:35:11,145 INFO skill_runner: Job 1be18a791f0a: Executing deep_research: query='What is Docker Compose version 3...'
2026-07-03 21:35:11,145 INFO skill_runner: Job 1be18a791f0a: Depth: quick, max_sources: 3
2026-07-03 21:35:11,145 INFO skill_runner: Job 1be18a791f0a: Model alias: matrix-coder
2026-07-03 21:35:11,145 INFO skill_runner: Job 1be18a791f0a: Max runtime: 900s
2026-07-03 21:35:11,145 INFO skill_runner: Job 1be18a791f0a: LiteLLM: http://litellm-proxy:4000
2026-07-03 21:35:11,145 INFO skill_runner: Job 1be18a791f0a: Phase 1: Collecting sources via LiteLLM...
2026-07-03 21:35:11,145 INFO skill.deep_research: Search query 1/1: What is Docker Compose version 3
2026-07-03 21:35:11,146 INFO skill_runner: SSE MCP call: server=mcp_search base_url=http://mcp_search:8000 tool=search_web
2026-07-03 21:35:11,230 INFO httpx: HTTP Request: GET http://mcp_search:8000/sse "HTTP/1.1 200 OK"
2026-07-03 21:35:11,231 INFO skill_runner: SSE endpoint obtained: /messages/?session_id=b26d295d29a8401d94b0f4ee1f3d9bc3
2026-07-03 21:35:11,231 INFO skill_runner: POSTing MCP initialize to http://mcp_search:8000/messages/?session_id=b26d295d29a8401d94b0f4ee1f3d9bc3
2026-07-03 21:35:11,236 INFO httpx: HTTP Request: POST http://mcp_search:8000/messages/?session_id=b26d295d29a8401d94b0f4ee1f3d9bc3 "HTTP/1.1 202 Accepted"
2026-07-03 21:35:11,238 INFO skill_runner: MCP initialized (server: mcp_search)
2026-07-03 21:35:11,241 INFO httpx: HTTP Request: POST http://mcp_search:8000/messages/?session_id=b26d295d29a8401d94b0f4ee1f3d9bc3 "HTTP/1.1 202 Accepted"
2026-07-03 21:35:11,242 INFO skill_runner: POSTing tools/call to http://mcp_search:8000/messages/?session_id=b26d295d29a8401d94b0f4ee1f3d9bc3
2026-07-03 21:35:11,246 INFO httpx: HTTP Request: POST http://mcp_search:8000/messages/?session_id=b26d295d29a8401d94b0f4ee1f3d9bc3 "HTTP/1.1 202 Accepted"
2026-07-03 21:35:11,247 INFO skill_runner: POST returned status 202
2026-07-03 21:35:12,146 INFO skill_runner: SSE reader got tool response: keys=['jsonrpc', 'id', 'result']
2026-07-03 21:35:12,146 INFO skill_runner: SSE reader: structuredContent=True, isError=False
2026-07-03 21:35:12,146 INFO skill_runner: SSE reader: response_ready set, structured=True, content=0
2026-07-03 21:35:12,149 ERROR asyncio: Task was destroyed but it is pending!
task: <Task pending name='Task-9' coro=<<async_generator_athrow without __name__>()>>
2026-07-03 21:35:12,150 INFO skill.deep_research: Web search returned 0 results for: What is Docker Compose version 3
2026-07-03 21:35:12,150 INFO skill.deep_research: Collected 0 unique sources (max requested: 3)
2026-07-03 21:35:12,150 INFO skill_runner: Job 1be18a791f0a: No sources found — generating empty report
2026-07-03 21:35:12,150 INFO skill.deep_research: Artifact written: /home/chuck/data/media/research_reports/deep_research_2026-07-04T02-35-12_What-is-Docker-Compose-version-3.md
2026-07-03 21:35:12,151 INFO skill_runner: Job 1be18a791f0a: Artifact saved: /home/chuck/data/media/research_reports/deep_research_2026-07-04T02-35-12_What-is-Docker-Compose-version-3.md
2026-07-03 21:35:12,151 INFO skill_runner: Job 1be18a791f0a: deep_research completed: 0 sources, 193 chars
2026-07-03 21:35:12,151 INFO skill_runner: Job 1be18a791f0a: Skill.run() returned: ['summary', 'report', 'sources', 'artifact_path', 'model_alias', 'depth']
2026-07-03 21:35:12,151 INFO skill_runner: Job 1be18a791f0a: Skill summary: # Research Report: What is Docker Compose version 3
**No sources found.** The research query returned no relevant results. Please try a different query or broader terms.
**Date:** 2026-07-04
2026-07-03 21:35:12,151 INFO skill_runner: Job 1be18a791f0a: Artifact path from skill: /home/chuck/data/media/research_reports/deep_research_2026-07-04T02-35-12_What-is-Docker-Compose-version-3.md
2026-07-03 21:35:12,152 INFO skill_runner: Job 1be18a791f0a: Merged result key 'report' into job params
2026-07-03 21:35:12,152 INFO skill_runner: Job 1be18a791f0a: Merged result key 'sources' into job params
2026-07-03 21:35:12,152 INFO skill_runner: Job 1be18a791f0a completed successfully.
2026-07-03 21:35:12,152 INFO skill_runner: Job 1be18a791f0a launched for skill 'deep_research'.
2026-07-03 21:35:50,969 INFO skill_runner: Job 923116f1b891: Job created for skill 'deep_research'
2026-07-03 21:35:50,969 INFO skill_runner: Job 923116f1b891: Executing skill 'deep_research'
2026-07-03 21:35:50,970 INFO skill_runner: Job 923116f1b891: Skill module found at: /app/skills/deep_research/skill.py
2026-07-03 21:35:50,970 INFO skill_runner: Job 923116f1b891: LiteLLM client initialised: base_url=http://litellm-proxy:4000
2026-07-03 21:35:50,981 INFO skill_runner: Job 923116f1b891: Skill module imported successfully
2026-07-03 21:35:50,981 INFO skill_runner: Job 923116f1b891: Passing sync client as 'litellm_client'
2026-07-03 21:35:50,981 INFO skill_runner: Job 923116f1b891: Invoking skill.run()...
2026-07-03 21:35:50,981 INFO skill_runner: Job 923116f1b891: Executing deep_research: query='What is Docker Compose version 3...'
2026-07-03 21:35:50,981 INFO skill_runner: Job 923116f1b891: Depth: quick, max_sources: 3
2026-07-03 21:35:50,981 INFO skill_runner: Job 923116f1b891: Model alias: matrix-coder
2026-07-03 21:35:50,981 INFO skill_runner: Job 923116f1b891: Max runtime: 900s
2026-07-03 21:35:50,981 INFO skill_runner: Job 923116f1b891: LiteLLM: http://litellm-proxy:4000
2026-07-03 21:35:50,982 INFO skill_runner: Job 923116f1b891: Phase 1: Collecting sources via LiteLLM...
2026-07-03 21:35:50,982 INFO skill.deep_research: Search query 1/1: What is Docker Compose version 3
2026-07-03 21:35:50,983 INFO skill_runner: SSE MCP call: server=mcp_search base_url=http://mcp_search:8000 tool=search_web
2026-07-03 21:35:51,080 INFO httpx: HTTP Request: GET http://mcp_search:8000/sse "HTTP/1.1 200 OK"
2026-07-03 21:35:51,082 INFO skill_runner: SSE endpoint obtained: /messages/?session_id=323303c995bd4f0e967dc69b664d441a
2026-07-03 21:35:51,082 INFO skill_runner: POSTing MCP initialize to http://mcp_search:8000/messages/?session_id=323303c995bd4f0e967dc69b664d441a
2026-07-03 21:35:51,089 INFO httpx: HTTP Request: POST http://mcp_search:8000/messages/?session_id=323303c995bd4f0e967dc69b664d441a "HTTP/1.1 202 Accepted"
2026-07-03 21:35:51,091 INFO skill_runner: MCP initialized (server: mcp_search)
2026-07-03 21:35:51,095 INFO httpx: HTTP Request: POST http://mcp_search:8000/messages/?session_id=323303c995bd4f0e967dc69b664d441a "HTTP/1.1 202 Accepted"
2026-07-03 21:35:51,096 INFO skill_runner: POSTing tools/call to http://mcp_search:8000/messages/?session_id=323303c995bd4f0e967dc69b664d441a
2026-07-03 21:35:51,099 INFO httpx: HTTP Request: POST http://mcp_search:8000/messages/?session_id=323303c995bd4f0e967dc69b664d441a "HTTP/1.1 202 Accepted"
2026-07-03 21:35:51,100 INFO skill_runner: POST returned status 202
2026-07-03 21:35:51,946 INFO skill_runner: SSE reader got tool response: keys=['jsonrpc', 'id', 'result']
2026-07-03 21:35:51,947 INFO skill_runner: SSE reader: structuredContent=True, isError=False
2026-07-03 21:35:51,947 INFO skill_runner: SSE reader: response_ready set, structured=True, content=0
2026-07-03 21:35:51,948 INFO skill_runner: SSE call returning: parse_error=False, structured=True, content=0, is_error=False
2026-07-03 21:35:51,948 ERROR asyncio: Task was destroyed but it is pending!
task: <Task pending name='Task-9' coro=<<async_generator_athrow without __name__>()>>
2026-07-03 21:35:51,948 INFO skill.deep_research: Web search returned 0 results for: What is Docker Compose version 3
2026-07-03 21:35:51,949 INFO skill.deep_research: Collected 0 unique sources (max requested: 3)
2026-07-03 21:35:51,949 INFO skill_runner: Job 923116f1b891: No sources found — generating empty report
2026-07-03 21:35:51,950 INFO skill.deep_research: Artifact written: /home/chuck/data/media/research_reports/deep_research_2026-07-04T02-35-51_What-is-Docker-Compose-version-3.md
2026-07-03 21:35:51,950 INFO skill_runner: Job 923116f1b891: Artifact saved: /home/chuck/data/media/research_reports/deep_research_2026-07-04T02-35-51_What-is-Docker-Compose-version-3.md
2026-07-03 21:35:51,950 INFO skill_runner: Job 923116f1b891: deep_research completed: 0 sources, 193 chars
2026-07-03 21:35:51,950 INFO skill_runner: Job 923116f1b891: Skill.run() returned: ['summary', 'report', 'sources', 'artifact_path', 'model_alias', 'depth']
2026-07-03 21:35:51,951 INFO skill_runner: Job 923116f1b891: Skill summary: # Research Report: What is Docker Compose version 3
**No sources found.** The research query returned no relevant results. Please try a different query or broader terms.
**Date:** 2026-07-04
2026-07-03 21:35:51,951 INFO skill_runner: Job 923116f1b891: Artifact path from skill: /home/chuck/data/media/research_reports/deep_research_2026-07-04T02-35-51_What-is-Docker-Compose-version-3.md
2026-07-03 21:35:51,951 INFO skill_runner: Job 923116f1b891: Merged result key 'report' into job params
2026-07-03 21:35:51,951 INFO skill_runner: Job 923116f1b891: Merged result key 'sources' into job params
2026-07-03 21:35:51,951 INFO skill_runner: Job 923116f1b891 completed successfully.
2026-07-03 21:35:51,951 INFO skill_runner: Job 923116f1b891 launched for skill 'deep_research'.
2026-07-03 21:36:42,439 INFO skill_runner: Job 95793b6ce57f: Job created for skill 'deep_research'
2026-07-03 21:36:42,440 INFO skill_runner: Job 95793b6ce57f: Executing skill 'deep_research'
2026-07-03 21:36:42,440 INFO skill_runner: Job 95793b6ce57f: Skill module found at: /app/skills/deep_research/skill.py
2026-07-03 21:36:42,441 INFO skill_runner: Job 95793b6ce57f: LiteLLM client initialised: base_url=http://litellm-proxy:4000
2026-07-03 21:36:42,461 INFO skill_runner: Job 95793b6ce57f: Skill module imported successfully
2026-07-03 21:36:42,462 INFO skill_runner: Job 95793b6ce57f: Passing sync client as 'litellm_client'
2026-07-03 21:36:42,462 INFO skill_runner: Job 95793b6ce57f: Invoking skill.run()...
2026-07-03 21:36:42,462 INFO skill_runner: Job 95793b6ce57f: Executing deep_research: query='What is Docker Compose version 3...'
2026-07-03 21:36:42,462 INFO skill_runner: Job 95793b6ce57f: Depth: quick, max_sources: 3
2026-07-03 21:36:42,463 INFO skill_runner: Job 95793b6ce57f: Model alias: matrix-coder
2026-07-03 21:36:42,463 INFO skill_runner: Job 95793b6ce57f: Max runtime: 900s
2026-07-03 21:36:42,463 INFO skill_runner: Job 95793b6ce57f: LiteLLM: http://litellm-proxy:4000
2026-07-03 21:36:42,463 INFO skill_runner: Job 95793b6ce57f: Phase 1: Collecting sources via LiteLLM...
2026-07-03 21:36:42,463 INFO skill.deep_research: Search query 1/1: What is Docker Compose version 3
2026-07-03 21:36:42,464 INFO skill_runner: SSE MCP call: server=mcp_search base_url=http://mcp_search:8000 tool=search_web
2026-07-03 21:36:42,549 INFO httpx: HTTP Request: GET http://mcp_search:8000/sse "HTTP/1.1 200 OK"
2026-07-03 21:36:42,550 INFO skill_runner: SSE endpoint obtained: /messages/?session_id=b7879ca3322044f1a7670314398e925b
2026-07-03 21:36:42,550 INFO skill_runner: POSTing MCP initialize to http://mcp_search:8000/messages/?session_id=b7879ca3322044f1a7670314398e925b
2026-07-03 21:36:42,556 INFO httpx: HTTP Request: POST http://mcp_search:8000/messages/?session_id=b7879ca3322044f1a7670314398e925b "HTTP/1.1 202 Accepted"
2026-07-03 21:36:42,558 INFO skill_runner: MCP initialized (server: mcp_search)
2026-07-03 21:36:42,561 INFO httpx: HTTP Request: POST http://mcp_search:8000/messages/?session_id=b7879ca3322044f1a7670314398e925b "HTTP/1.1 202 Accepted"
2026-07-03 21:36:42,563 INFO skill_runner: POSTing tools/call to http://mcp_search:8000/messages/?session_id=b7879ca3322044f1a7670314398e925b
2026-07-03 21:36:42,565 INFO httpx: HTTP Request: POST http://mcp_search:8000/messages/?session_id=b7879ca3322044f1a7670314398e925b "HTTP/1.1 202 Accepted"
2026-07-03 21:36:42,566 INFO skill_runner: POST returned status 202
2026-07-03 21:36:43,354 INFO skill_runner: SSE reader got tool response: keys=['jsonrpc', 'id', 'result']
2026-07-03 21:36:43,354 INFO skill_runner: SSE reader: structuredContent=True, isError=False
2026-07-03 21:36:43,355 INFO skill_runner: SSE reader: response_ready set, structured=True, content=0
2026-07-03 21:36:43,357 INFO skill_runner: SSE call returning: parse_error=False, structured=True, content=0, is_error=False
2026-07-03 21:36:43,357 ERROR asyncio: Task was destroyed but it is pending!
task: <Task pending name='Task-9' coro=<<async_generator_athrow without __name__>()>>
2026-07-03 21:36:43,357 INFO skill_runner: Sync mcp_call returning for search_web: keys=['output', 'is_error'], has_result=False, is_error=True
2026-07-03 21:36:43,358 INFO skill.deep_research: Web search returned 0 results for: What is Docker Compose version 3
2026-07-03 21:36:43,358 INFO skill.deep_research: Collected 0 unique sources (max requested: 3)
2026-07-03 21:36:43,358 INFO skill_runner: Job 95793b6ce57f: No sources found — generating empty report
2026-07-03 21:36:43,358 INFO skill.deep_research: Artifact written: /home/chuck/data/media/research_reports/deep_research_2026-07-04T02-36-43_What-is-Docker-Compose-version-3.md
2026-07-03 21:36:43,359 INFO skill_runner: Job 95793b6ce57f: Artifact saved: /home/chuck/data/media/research_reports/deep_research_2026-07-04T02-36-43_What-is-Docker-Compose-version-3.md
2026-07-03 21:36:43,359 INFO skill_runner: Job 95793b6ce57f: deep_research completed: 0 sources, 193 chars
2026-07-03 21:36:43,359 INFO skill_runner: Job 95793b6ce57f: Skill.run() returned: ['summary', 'report', 'sources', 'artifact_path', 'model_alias', 'depth']
2026-07-03 21:36:43,359 INFO skill_runner: Job 95793b6ce57f: Skill summary: # Research Report: What is Docker Compose version 3
**No sources found.** The research query returned no relevant results. Please try a different query or broader terms.
**Date:** 2026-07-04
2026-07-03 21:36:43,359 INFO skill_runner: Job 95793b6ce57f: Artifact path from skill: /home/chuck/data/media/research_reports/deep_research_2026-07-04T02-36-43_What-is-Docker-Compose-version-3.md
2026-07-03 21:36:43,359 INFO skill_runner: Job 95793b6ce57f: Merged result key 'report' into job params
2026-07-03 21:36:43,360 INFO skill_runner: Job 95793b6ce57f: Merged result key 'sources' into job params
2026-07-03 21:36:43,360 INFO skill_runner: Job 95793b6ce57f completed successfully.
2026-07-03 21:36:43,360 INFO skill_runner: Job 95793b6ce57f launched for skill 'deep_research'.
2026-07-03 21:37:46,721 INFO skill_runner: Job 22988cf8bff2: Job created for skill 'deep_research'
2026-07-03 21:37:46,721 INFO skill_runner: Job 22988cf8bff2: Executing skill 'deep_research'
2026-07-03 21:37:46,721 INFO skill_runner: Job 22988cf8bff2: Skill module found at: /app/skills/deep_research/skill.py
2026-07-03 21:37:46,722 INFO skill_runner: Job 22988cf8bff2: LiteLLM client initialised: base_url=http://litellm-proxy:4000
2026-07-03 21:37:46,741 INFO skill_runner: Job 22988cf8bff2: Skill module imported successfully
2026-07-03 21:37:46,742 INFO skill_runner: Job 22988cf8bff2: Passing sync client as 'litellm_client'
2026-07-03 21:37:46,742 INFO skill_runner: Job 22988cf8bff2: Invoking skill.run()...
2026-07-03 21:37:46,742 INFO skill_runner: Job 22988cf8bff2: Executing deep_research: query='What is Docker Compose version 3...'
2026-07-03 21:37:46,742 INFO skill_runner: Job 22988cf8bff2: Depth: quick, max_sources: 3
2026-07-03 21:37:46,742 INFO skill_runner: Job 22988cf8bff2: Model alias: matrix-coder
2026-07-03 21:37:46,743 INFO skill_runner: Job 22988cf8bff2: Max runtime: 900s
2026-07-03 21:37:46,743 INFO skill_runner: Job 22988cf8bff2: LiteLLM: http://litellm-proxy:4000
2026-07-03 21:37:46,743 INFO skill_runner: Job 22988cf8bff2: Phase 1: Collecting sources via LiteLLM...
2026-07-03 21:37:46,743 INFO skill.deep_research: Search query 1/1: What is Docker Compose version 3
2026-07-03 21:37:46,744 INFO skill_runner: SSE MCP call: server=mcp_search base_url=http://mcp_search:8000 tool=search_web
2026-07-03 21:37:46,835 INFO httpx: HTTP Request: GET http://mcp_search:8000/sse "HTTP/1.1 200 OK"
2026-07-03 21:37:46,836 INFO skill_runner: SSE endpoint obtained: /messages/?session_id=7e7ff3b83faa4704b5ad0c1abbcce9db
2026-07-03 21:37:46,836 INFO skill_runner: POSTing MCP initialize to http://mcp_search:8000/messages/?session_id=7e7ff3b83faa4704b5ad0c1abbcce9db
2026-07-03 21:37:46,842 INFO httpx: HTTP Request: POST http://mcp_search:8000/messages/?session_id=7e7ff3b83faa4704b5ad0c1abbcce9db "HTTP/1.1 202 Accepted"
2026-07-03 21:37:46,844 INFO skill_runner: MCP initialized (server: mcp_search)
2026-07-03 21:37:46,847 INFO httpx: HTTP Request: POST http://mcp_search:8000/messages/?session_id=7e7ff3b83faa4704b5ad0c1abbcce9db "HTTP/1.1 202 Accepted"
2026-07-03 21:37:46,848 INFO skill_runner: POSTing tools/call to http://mcp_search:8000/messages/?session_id=7e7ff3b83faa4704b5ad0c1abbcce9db
2026-07-03 21:37:46,852 INFO httpx: HTTP Request: POST http://mcp_search:8000/messages/?session_id=7e7ff3b83faa4704b5ad0c1abbcce9db "HTTP/1.1 202 Accepted"
2026-07-03 21:37:46,853 INFO skill_runner: POST returned status 202
2026-07-03 21:37:47,738 INFO skill_runner: SSE reader got tool response: keys=['jsonrpc', 'id', 'result']
2026-07-03 21:37:47,738 INFO skill_runner: SSE reader: structuredContent=True, isError=False
2026-07-03 21:37:47,738 INFO skill_runner: SSE reader: response_ready set, structured=True, content=0
2026-07-03 21:37:47,740 INFO skill_runner: SSE call returning: parse_error=False, structured=True, content=0, is_error=False
2026-07-03 21:37:47,740 INFO skill_runner: SSE call returning structured result (server=mcp_search, tool=search_web, results_count=5)
2026-07-03 21:37:47,740 ERROR asyncio: Task was destroyed but it is pending!
task: <Task pending name='Task-9' coro=<<async_generator_athrow without __name__>()>>
2026-07-03 21:37:47,741 INFO skill_runner: Sync mcp_call returning for search_web: keys=['result', 'output', 'is_error'], has_result=True, is_error=False
2026-07-03 21:37:47,741 INFO skill.deep_research: Web search returned 5 results for: What is Docker Compose version 3
2026-07-03 21:37:47,741 INFO skill.deep_research: Collected 3 unique sources (max requested: 3)
2026-07-03 21:37:47,741 INFO skill_runner: Job 22988cf8bff2: Phase 3: Synthesizing report from 3 sources via LiteLLM...
2026-07-03 21:38:55,561 INFO httpx: HTTP Request: POST http://litellm-proxy:4000/v1/chat/completions "HTTP/1.1 200 OK"
2026-07-03 21:38:55,563 INFO skill_runner: Job 22988cf8bff2: Report generated (19614 chars)
2026-07-03 21:38:55,564 INFO skill.deep_research: Artifact written: /home/chuck/data/media/research_reports/deep_research_2026-07-04T02-38-55_What-is-Docker-Compose-version-3.md
2026-07-03 21:38:55,565 INFO skill_runner: Job 22988cf8bff2: Artifact saved: /home/chuck/data/media/research_reports/deep_research_2026-07-04T02-38-55_What-is-Docker-Compose-version-3.md
2026-07-03 21:38:55,565 INFO skill_runner: Job 22988cf8bff2: deep_research completed: 3 sources, 19614 chars
2026-07-03 21:38:55,565 INFO skill_runner: Job 22988cf8bff2: Skill.run() returned: ['summary', 'report', 'sources', 'artifact_path', 'model_alias', 'depth']
2026-07-03 21:38:55,565 INFO skill_runner: Job 22988cf8bff2: Skill summary: Here's a thinking process:
1.  **Analyze the Request:**
   - **Query:** What is Docker Compose version 3
   - **Sources:** 3 provided sources (Docker Docs, GitHub Releases, StackOverflow)
   - **Forma
2026-07-03 21:38:55,565 INFO skill_runner: Job 22988cf8bff2: Artifact path from skill: /home/chuck/data/media/research_reports/deep_research_2026-07-04T02-38-55_What-is-Docker-Compose-version-3.md
2026-07-03 21:38:55,566 INFO skill_runner: Job 22988cf8bff2: Merged result key 'report' into job params
2026-07-03 21:38:55,566 INFO skill_runner: Job 22988cf8bff2: Merged result key 'sources' into job params
2026-07-03 21:38:55,566 INFO skill_runner: Job 22988cf8bff2 completed successfully.
2026-07-03 21:38:55,566 INFO skill_runner: Job 22988cf8bff2 launched for skill 'deep_research'.
2026-07-03 21:39:51,588 INFO skill_runner: Job 26d174c1c0ed: Job created for skill 'deep_research'
2026-07-03 21:39:51,589 INFO skill_runner: Job 26d174c1c0ed: Executing skill 'deep_research'
2026-07-03 21:39:51,589 INFO skill_runner: Job 26d174c1c0ed: Skill module found at: /app/skills/deep_research/skill.py
2026-07-03 21:39:51,589 INFO skill_runner: Job 26d174c1c0ed: LiteLLM client initialised: base_url=http://litellm-proxy:4000
2026-07-03 21:39:51,608 INFO skill_runner: Job 26d174c1c0ed: Skill module imported successfully
2026-07-03 21:39:51,608 INFO skill_runner: Job 26d174c1c0ed: Passing sync client as 'litellm_client'
2026-07-03 21:39:51,609 INFO skill_runner: Job 26d174c1c0ed: Invoking skill.run()...
2026-07-03 21:39:51,609 INFO skill_runner: Job 26d174c1c0ed: Executing deep_research: query='What is Docker Compose version 3...'
2026-07-03 21:39:51,609 INFO skill_runner: Job 26d174c1c0ed: Depth: quick, max_sources: 3
2026-07-03 21:39:51,609 INFO skill_runner: Job 26d174c1c0ed: Model alias: matrix-coder
2026-07-03 21:39:51,609 INFO skill_runner: Job 26d174c1c0ed: Max runtime: 900s
2026-07-03 21:39:51,609 INFO skill_runner: Job 26d174c1c0ed: LiteLLM: http://litellm-proxy:4000
2026-07-03 21:39:51,609 INFO skill_runner: Job 26d174c1c0ed: Phase 1: Collecting sources via LiteLLM...
2026-07-03 21:39:51,610 INFO skill.deep_research: Search query 1/1: What is Docker Compose version 3
2026-07-03 21:39:51,611 INFO skill_runner: SSE MCP call: server=mcp_search base_url=http://mcp_search:8000 tool=search_web
2026-07-03 21:39:51,694 INFO httpx: HTTP Request: GET http://mcp_search:8000/sse "HTTP/1.1 200 OK"
2026-07-03 21:39:51,695 INFO skill_runner: SSE endpoint obtained: /messages/?session_id=d4984c1f6ece449fbb59b5b29bb4c6fc
2026-07-03 21:39:51,695 INFO skill_runner: POSTing MCP initialize to http://mcp_search:8000/messages/?session_id=d4984c1f6ece449fbb59b5b29bb4c6fc
2026-07-03 21:39:51,701 INFO httpx: HTTP Request: POST http://mcp_search:8000/messages/?session_id=d4984c1f6ece449fbb59b5b29bb4c6fc "HTTP/1.1 202 Accepted"
2026-07-03 21:39:51,704 INFO skill_runner: MCP initialized (server: mcp_search)
2026-07-03 21:39:51,707 INFO httpx: HTTP Request: POST http://mcp_search:8000/messages/?session_id=d4984c1f6ece449fbb59b5b29bb4c6fc "HTTP/1.1 202 Accepted"
2026-07-03 21:39:51,709 INFO skill_runner: POSTing tools/call to http://mcp_search:8000/messages/?session_id=d4984c1f6ece449fbb59b5b29bb4c6fc
2026-07-03 21:39:51,711 INFO httpx: HTTP Request: POST http://mcp_search:8000/messages/?session_id=d4984c1f6ece449fbb59b5b29bb4c6fc "HTTP/1.1 202 Accepted"
2026-07-03 21:39:51,713 INFO skill_runner: POST returned status 202
2026-07-03 21:39:52,564 INFO skill_runner: SSE call returning: parse_error=False, structured=True, content=0, is_error=False
2026-07-03 21:39:52,564 INFO skill_runner: SSE call returning structured result (server=mcp_search, tool=search_web, results_count=5)
2026-07-03 21:39:52,564 ERROR asyncio: Task was destroyed but it is pending!
task: <Task pending name='Task-9' coro=<<async_generator_athrow without __name__>()>>
2026-07-03 21:39:52,564 INFO skill.deep_research: Web search returned 5 results for: What is Docker Compose version 3
2026-07-03 21:39:52,565 INFO skill.deep_research: Collected 3 unique sources (max requested: 3)
2026-07-03 21:39:52,565 INFO skill_runner: Job 26d174c1c0ed: Phase 3: Synthesizing report from 3 sources via LiteLLM...
2026-07-03 21:40:41,553 INFO httpx: HTTP Request: POST http://litellm-proxy:4000/v1/chat/completions "HTTP/1.1 200 OK"
2026-07-03 21:40:41,556 INFO skill_runner: Job 26d174c1c0ed: Report generated (14933 chars)
2026-07-03 21:40:41,557 INFO skill.deep_research: Artifact written: /home/chuck/data/media/research_reports/deep_research_2026-07-04T02-40-41_What-is-Docker-Compose-version-3.md
2026-07-03 21:40:41,558 INFO skill_runner: Job 26d174c1c0ed: Artifact saved: /home/chuck/data/media/research_reports/deep_research_2026-07-04T02-40-41_What-is-Docker-Compose-version-3.md
2026-07-03 21:40:41,558 INFO skill_runner: Job 26d174c1c0ed: deep_research completed: 3 sources, 14933 chars
2026-07-03 21:40:41,558 INFO skill_runner: Job 26d174c1c0ed: Skill.run() returned: ['summary', 'report', 'sources', 'artifact_path', 'model_alias', 'depth']
2026-07-03 21:40:41,558 INFO skill_runner: Job 26d174c1c0ed: Skill summary: Here's a thinking process:
1.  **Analyze User Input:**
   - **Query:** What is Docker Compose version 3
   - **Sources Provided:**
     - [1] Docker Docs: Compose file reference (mentions Compose Spec
2026-07-03 21:40:41,558 INFO skill_runner: Job 26d174c1c0ed: Artifact path from skill: /home/chuck/data/media/research_reports/deep_research_2026-07-04T02-40-41_What-is-Docker-Compose-version-3.md
2026-07-03 21:40:41,559 INFO skill_runner: Job 26d174c1c0ed: Merged result key 'sources' into job params
2026-07-03 21:40:41,559 INFO skill_runner: Job 26d174c1c0ed: Merged result key 'report' into job params
2026-07-03 21:40:41,559 INFO skill_runner: Job 26d174c1c0ed completed successfully.
2026-07-03 21:40:41,559 INFO skill_runner: Job 26d174c1c0ed launched for skill 'deep_research'.
2026-07-03 21:41:57,825 INFO skill_runner: Job cfb21c459bb9: Job created for skill 'deep_research'
2026-07-03 21:41:57,825 INFO skill_runner: Job cfb21c459bb9: Executing skill 'deep_research'
2026-07-03 21:41:57,826 INFO skill_runner: Job cfb21c459bb9: Skill module found at: /app/skills/deep_research/skill.py
2026-07-03 21:41:57,826 INFO skill_runner: Job cfb21c459bb9: LiteLLM client initialised: base_url=http://litellm-proxy:4000
2026-07-03 21:41:57,842 INFO skill_runner: Job cfb21c459bb9: Skill module imported successfully
2026-07-03 21:41:57,843 INFO skill_runner: Job cfb21c459bb9: Passing sync client as 'litellm_client'
2026-07-03 21:41:57,843 INFO skill_runner: Job cfb21c459bb9: Invoking skill.run()...
2026-07-03 21:41:57,843 INFO skill_runner: Job cfb21c459bb9: Executing deep_research: query='what is LiteLLM...'
2026-07-03 21:41:57,843 INFO skill_runner: Job cfb21c459bb9: Depth: comprehensive, max_sources: 10
2026-07-03 21:41:57,843 INFO skill_runner: Job cfb21c459bb9: Model alias: matrix-coder
2026-07-03 21:41:57,843 INFO skill_runner: Job cfb21c459bb9: Max runtime: 900s
2026-07-03 21:41:57,843 INFO skill_runner: Job cfb21c459bb9: LiteLLM: http://litellm-proxy:4000
2026-07-03 21:41:57,843 INFO skill_runner: Job cfb21c459bb9: Phase 1: Collecting sources via LiteLLM...
2026-07-03 21:41:57,844 INFO skill.deep_research: Search query 1/3: what is LiteLLM
2026-07-03 21:41:57,844 INFO skill_runner: SSE MCP call: server=mcp_search base_url=http://mcp_search:8000 tool=search_web
2026-07-03 21:41:57,868 INFO httpx: HTTP Request: GET http://mcp_search:8000/sse "HTTP/1.1 200 OK"
2026-07-03 21:41:57,869 INFO skill_runner: SSE endpoint obtained: /messages/?session_id=2d1d6ef15c2d4b9eba84dfed62d9d8f9
2026-07-03 21:41:57,869 INFO skill_runner: POSTing MCP initialize to http://mcp_search:8000/messages/?session_id=2d1d6ef15c2d4b9eba84dfed62d9d8f9
2026-07-03 21:41:57,875 INFO httpx: HTTP Request: POST http://mcp_search:8000/messages/?session_id=2d1d6ef15c2d4b9eba84dfed62d9d8f9 "HTTP/1.1 202 Accepted"
2026-07-03 21:41:57,877 INFO skill_runner: MCP initialized (server: mcp_search)
2026-07-03 21:41:57,880 INFO httpx: HTTP Request: POST http://mcp_search:8000/messages/?session_id=2d1d6ef15c2d4b9eba84dfed62d9d8f9 "HTTP/1.1 202 Accepted"
2026-07-03 21:41:57,882 INFO skill_runner: POSTing tools/call to http://mcp_search:8000/messages/?session_id=2d1d6ef15c2d4b9eba84dfed62d9d8f9
2026-07-03 21:41:57,885 INFO httpx: HTTP Request: POST http://mcp_search:8000/messages/?session_id=2d1d6ef15c2d4b9eba84dfed62d9d8f9 "HTTP/1.1 202 Accepted"
2026-07-03 21:41:57,887 INFO skill_runner: POST returned status 202
2026-07-03 21:42:00,923 INFO skill_runner: SSE call returning: parse_error=False, structured=True, content=0, is_error=False
2026-07-03 21:42:00,923 INFO skill_runner: SSE call returning structured result (server=mcp_search, tool=search_web, results_count=8)
2026-07-03 21:42:00,923 ERROR asyncio: Task was destroyed but it is pending!
task: <Task pending name='Task-17' coro=<<async_generator_athrow without __name__>()>>
2026-07-03 21:42:00,924 INFO skill.deep_research: Web search returned 8 results for: what is LiteLLM
2026-07-03 21:42:00,924 INFO skill.deep_research: Search query 2/3: what is LiteLLM latest developments
2026-07-03 21:42:00,925 INFO skill_runner: SSE MCP call: server=mcp_search base_url=http://mcp_search:8000 tool=search_web
2026-07-03 21:42:00,950 INFO httpx: HTTP Request: GET http://mcp_search:8000/sse "HTTP/1.1 200 OK"
2026-07-03 21:42:00,951 INFO skill_runner: SSE endpoint obtained: /messages/?session_id=527ac5f8b9444da9a3a0906399a12f26
2026-07-03 21:42:00,952 INFO skill_runner: POSTing MCP initialize to http://mcp_search:8000/messages/?session_id=527ac5f8b9444da9a3a0906399a12f26
2026-07-03 21:42:00,961 INFO httpx: HTTP Request: POST http://mcp_search:8000/messages/?session_id=527ac5f8b9444da9a3a0906399a12f26 "HTTP/1.1 202 Accepted"
2026-07-03 21:42:00,964 INFO skill_runner: MCP initialized (server: mcp_search)
2026-07-03 21:42:00,968 INFO httpx: HTTP Request: POST http://mcp_search:8000/messages/?session_id=527ac5f8b9444da9a3a0906399a12f26 "HTTP/1.1 202 Accepted"
2026-07-03 21:42:00,969 INFO skill_runner: POSTing tools/call to http://mcp_search:8000/messages/?session_id=527ac5f8b9444da9a3a0906399a12f26
2026-07-03 21:42:00,972 INFO httpx: HTTP Request: POST http://mcp_search:8000/messages/?session_id=527ac5f8b9444da9a3a0906399a12f26 "HTTP/1.1 202 Accepted"
2026-07-03 21:42:00,973 INFO skill_runner: POST returned status 202
2026-07-03 21:42:01,396 INFO skill_runner: SSE call returning: parse_error=False, structured=True, content=0, is_error=False
2026-07-03 21:42:01,397 INFO skill_runner: SSE call returning structured result (server=mcp_search, tool=search_web, results_count=8)
2026-07-03 21:42:01,397 ERROR asyncio: Task was destroyed but it is pending!
task: <Task pending name='Task-23' coro=<<async_generator_athrow without __name__>()>>
2026-07-03 21:42:01,398 INFO skill.deep_research: Web search returned 8 results for: what is LiteLLM latest developments
2026-07-03 21:42:01,398 INFO skill.deep_research: Search query 3/3: what is LiteLLM analysis overview
2026-07-03 21:42:01,398 INFO skill_runner: SSE MCP call: server=mcp_search base_url=http://mcp_search:8000 tool=search_web
2026-07-03 21:42:01,431 INFO httpx: HTTP Request: GET http://mcp_search:8000/sse "HTTP/1.1 200 OK"
2026-07-03 21:42:01,432 INFO skill_runner: SSE endpoint obtained: /messages/?session_id=b15f087cd8964085a807d33de14bb03b
2026-07-03 21:42:01,432 INFO skill_runner: POSTing MCP initialize to http://mcp_search:8000/messages/?session_id=b15f087cd8964085a807d33de14bb03b
2026-07-03 21:42:01,438 INFO httpx: HTTP Request: POST http://mcp_search:8000/messages/?session_id=b15f087cd8964085a807d33de14bb03b "HTTP/1.1 202 Accepted"
2026-07-03 21:42:01,440 INFO skill_runner: MCP initialized (server: mcp_search)
2026-07-03 21:42:01,443 INFO httpx: HTTP Request: POST http://mcp_search:8000/messages/?session_id=b15f087cd8964085a807d33de14bb03b "HTTP/1.1 202 Accepted"
2026-07-03 21:42:01,445 INFO skill_runner: POSTing tools/call to http://mcp_search:8000/messages/?session_id=b15f087cd8964085a807d33de14bb03b
2026-07-03 21:42:01,449 INFO httpx: HTTP Request: POST http://mcp_search:8000/messages/?session_id=b15f087cd8964085a807d33de14bb03b "HTTP/1.1 202 Accepted"
2026-07-03 21:42:01,451 INFO skill_runner: POST returned status 202
2026-07-03 21:42:02,971 INFO skill_runner: SSE call returning: parse_error=False, structured=True, content=0, is_error=False
2026-07-03 21:42:02,971 INFO skill_runner: SSE call returning structured result (server=mcp_search, tool=search_web, results_count=8)
2026-07-03 21:42:02,972 ERROR asyncio: Task was destroyed but it is pending!
task: <Task pending name='Task-29' coro=<<async_generator_athrow without __name__>()>>
2026-07-03 21:42:02,972 INFO skill.deep_research: Web search returned 8 results for: what is LiteLLM analysis overview
2026-07-03 21:42:02,973 INFO skill_runner: SSE MCP call: server=mcp_knowledge base_url=http://mcp_knowledge:8000 tool=kb_search
2026-07-03 21:42:03,003 INFO httpx: HTTP Request: GET http://mcp_knowledge:8000/sse "HTTP/1.1 200 OK"
2026-07-03 21:42:03,004 INFO skill_runner: SSE endpoint obtained: /messages/?session_id=e28f718bb00b4e96ad810c5f9897185d
2026-07-03 21:42:03,004 INFO skill_runner: POSTing MCP initialize to http://mcp_knowledge:8000/messages/?session_id=e28f718bb00b4e96ad810c5f9897185d
2026-07-03 21:42:03,011 INFO httpx: HTTP Request: POST http://mcp_knowledge:8000/messages/?session_id=e28f718bb00b4e96ad810c5f9897185d "HTTP/1.1 202 Accepted"
2026-07-03 21:42:03,013 INFO skill_runner: MCP initialized (server: mcp_knowledge)
2026-07-03 21:42:03,016 INFO httpx: HTTP Request: POST http://mcp_knowledge:8000/messages/?session_id=e28f718bb00b4e96ad810c5f9897185d "HTTP/1.1 202 Accepted"
2026-07-03 21:42:03,018 INFO skill_runner: POSTing tools/call to http://mcp_knowledge:8000/messages/?session_id=e28f718bb00b4e96ad810c5f9897185d
2026-07-03 21:42:03,022 INFO httpx: HTTP Request: POST http://mcp_knowledge:8000/messages/?session_id=e28f718bb00b4e96ad810c5f9897185d "HTTP/1.1 202 Accepted"
2026-07-03 21:42:03,026 INFO skill_runner: POST returned status 202
2026-07-03 21:42:03,072 INFO skill_runner: SSE call returning: parse_error=False, structured=False, content=1, is_error=True
2026-07-03 21:42:03,072 INFO skill_runner: SSE call returning content result (server=mcp_knowledge, tool=kb_search, items=1)
2026-07-03 21:42:03,072 ERROR asyncio: Task was destroyed but it is pending!
task: <Task pending name='Task-35' coro=<<async_generator_athrow without __name__>()>>
2026-07-03 21:42:03,073 INFO skill_runner: SSE MCP call: server=mcp_knowledge base_url=http://mcp_knowledge:8000 tool=kb_search
2026-07-03 21:42:03,101 INFO httpx: HTTP Request: GET http://mcp_knowledge:8000/sse "HTTP/1.1 200 OK"
2026-07-03 21:42:03,102 INFO skill_runner: SSE endpoint obtained: /messages/?session_id=e3ff25fededa4b19a939b34ced9039a6
2026-07-03 21:42:03,102 INFO skill_runner: POSTing MCP initialize to http://mcp_knowledge:8000/messages/?session_id=e3ff25fededa4b19a939b34ced9039a6
2026-07-03 21:42:03,109 INFO httpx: HTTP Request: POST http://mcp_knowledge:8000/messages/?session_id=e3ff25fededa4b19a939b34ced9039a6 "HTTP/1.1 202 Accepted"
2026-07-03 21:42:03,111 INFO skill_runner: MCP initialized (server: mcp_knowledge)
2026-07-03 21:42:03,115 INFO httpx: HTTP Request: POST http://mcp_knowledge:8000/messages/?session_id=e3ff25fededa4b19a939b34ced9039a6 "HTTP/1.1 202 Accepted"
2026-07-03 21:42:03,116 INFO skill_runner: POSTing tools/call to http://mcp_knowledge:8000/messages/?session_id=e3ff25fededa4b19a939b34ced9039a6
2026-07-03 21:42:03,120 INFO httpx: HTTP Request: POST http://mcp_knowledge:8000/messages/?session_id=e3ff25fededa4b19a939b34ced9039a6 "HTTP/1.1 202 Accepted"
2026-07-03 21:42:03,122 INFO skill_runner: POST returned status 202
2026-07-03 21:42:03,165 INFO skill_runner: SSE call returning: parse_error=False, structured=False, content=1, is_error=True
2026-07-03 21:42:03,166 INFO skill_runner: SSE call returning content result (server=mcp_knowledge, tool=kb_search, items=1)
2026-07-03 21:42:03,166 ERROR asyncio: Task was destroyed but it is pending!
task: <Task pending name='Task-41' coro=<<async_generator_athrow without __name__>()>>
2026-07-03 21:42:03,167 INFO skill.deep_research: Knowledge search returned 0 results
2026-07-03 21:42:03,167 INFO skill.deep_research: Collected 10 unique sources (max requested: 10)
2026-07-03 21:42:03,167 INFO skill_runner: Job cfb21c459bb9: Phase 2: Crawling top 3 sources via LiteLLM...
2026-07-03 21:42:03,168 INFO skill_runner: SSE MCP call: server=mcp_crawl base_url=http://mcp_crawl:8000 tool=crawl
2026-07-03 21:42:03,199 INFO httpx: HTTP Request: GET http://mcp_crawl:8000/sse "HTTP/1.1 200 OK"
2026-07-03 21:42:03,200 INFO skill_runner: SSE endpoint obtained: /messages/?session_id=024f138431c14ec7b41ce2b65078d3f2
2026-07-03 21:42:03,200 INFO skill_runner: POSTing MCP initialize to http://mcp_crawl:8000/messages/?session_id=024f138431c14ec7b41ce2b65078d3f2
2026-07-03 21:42:03,207 INFO httpx: HTTP Request: POST http://mcp_crawl:8000/messages/?session_id=024f138431c14ec7b41ce2b65078d3f2 "HTTP/1.1 202 Accepted"
2026-07-03 21:42:03,209 INFO skill_runner: MCP initialized (server: mcp_crawl)
2026-07-03 21:42:03,212 INFO httpx: HTTP Request: POST http://mcp_crawl:8000/messages/?session_id=024f138431c14ec7b41ce2b65078d3f2 "HTTP/1.1 202 Accepted"
2026-07-03 21:42:03,213 INFO skill_runner: POSTing tools/call to http://mcp_crawl:8000/messages/?session_id=024f138431c14ec7b41ce2b65078d3f2
2026-07-03 21:42:03,216 INFO httpx: HTTP Request: POST http://mcp_crawl:8000/messages/?session_id=024f138431c14ec7b41ce2b65078d3f2 "HTTP/1.1 202 Accepted"
2026-07-03 21:42:03,217 INFO skill_runner: POST returned status 202
2026-07-03 21:42:03,219 INFO skill_runner: SSE call returning: parse_error=False, structured=False, content=1, is_error=True
2026-07-03 21:42:03,219 INFO skill_runner: SSE call returning content result (server=mcp_crawl, tool=crawl, items=1)
2026-07-03 21:42:03,219 ERROR asyncio: Task was destroyed but it is pending!
task: <Task pending name='Task-47' coro=<<async_generator_athrow without __name__>()>>
2026-07-03 21:42:03,220 INFO skill_runner: SSE MCP call: server=mcp_crawl base_url=http://mcp_crawl:8000 tool=crawl
2026-07-03 21:42:03,238 INFO httpx: HTTP Request: GET http://mcp_crawl:8000/sse "HTTP/1.1 200 OK"
2026-07-03 21:42:03,239 INFO skill_runner: SSE endpoint obtained: /messages/?session_id=fbfb3c691250435793bf177c0bfb5710
2026-07-03 21:42:03,239 INFO skill_runner: POSTing MCP initialize to http://mcp_crawl:8000/messages/?session_id=fbfb3c691250435793bf177c0bfb5710
2026-07-03 21:42:03,246 INFO httpx: HTTP Request: POST http://mcp_crawl:8000/messages/?session_id=fbfb3c691250435793bf177c0bfb5710 "HTTP/1.1 202 Accepted"
2026-07-03 21:42:03,247 INFO skill_runner: MCP initialized (server: mcp_crawl)
2026-07-03 21:42:03,250 INFO httpx: HTTP Request: POST http://mcp_crawl:8000/messages/?session_id=fbfb3c691250435793bf177c0bfb5710 "HTTP/1.1 202 Accepted"
2026-07-03 21:42:03,251 INFO skill_runner: POSTing tools/call to http://mcp_crawl:8000/messages/?session_id=fbfb3c691250435793bf177c0bfb5710
2026-07-03 21:42:03,255 INFO httpx: HTTP Request: POST http://mcp_crawl:8000/messages/?session_id=fbfb3c691250435793bf177c0bfb5710 "HTTP/1.1 202 Accepted"
2026-07-03 21:42:03,256 INFO skill_runner: POST returned status 202
2026-07-03 21:42:03,258 INFO skill_runner: SSE call returning: parse_error=False, structured=False, content=1, is_error=True
2026-07-03 21:42:03,258 INFO skill_runner: SSE call returning content result (server=mcp_crawl, tool=crawl, items=1)
2026-07-03 21:42:03,259 ERROR asyncio: Task was destroyed but it is pending!
task: <Task pending name='Task-53' coro=<<async_generator_athrow without __name__>()>>
2026-07-03 21:42:03,260 INFO skill_runner: SSE MCP call: server=mcp_crawl base_url=http://mcp_crawl:8000 tool=crawl
2026-07-03 21:42:03,279 INFO httpx: HTTP Request: GET http://mcp_crawl:8000/sse "HTTP/1.1 200 OK"
2026-07-03 21:42:03,280 INFO skill_runner: SSE endpoint obtained: /messages/?session_id=6e17c77671bc449e8855a76c647226ce
2026-07-03 21:42:03,280 INFO skill_runner: POSTing MCP initialize to http://mcp_crawl:8000/messages/?session_id=6e17c77671bc449e8855a76c647226ce
2026-07-03 21:42:03,285 INFO httpx: HTTP Request: POST http://mcp_crawl:8000/messages/?session_id=6e17c77671bc449e8855a76c647226ce "HTTP/1.1 202 Accepted"
2026-07-03 21:42:03,287 INFO skill_runner: MCP initialized (server: mcp_crawl)
2026-07-03 21:42:03,290 INFO httpx: HTTP Request: POST http://mcp_crawl:8000/messages/?session_id=6e17c77671bc449e8855a76c647226ce "HTTP/1.1 202 Accepted"
2026-07-03 21:42:03,291 INFO skill_runner: POSTing tools/call to http://mcp_crawl:8000/messages/?session_id=6e17c77671bc449e8855a76c647226ce
2026-07-03 21:42:03,293 INFO httpx: HTTP Request: POST http://mcp_crawl:8000/messages/?session_id=6e17c77671bc449e8855a76c647226ce "HTTP/1.1 202 Accepted"
2026-07-03 21:42:03,294 INFO skill_runner: POST returned status 202
2026-07-03 21:42:03,296 INFO skill_runner: SSE call returning: parse_error=False, structured=False, content=1, is_error=True
2026-07-03 21:42:03,296 INFO skill_runner: SSE call returning content result (server=mcp_crawl, tool=crawl, items=1)
2026-07-03 21:42:03,297 ERROR asyncio: Task was destroyed but it is pending!
task: <Task pending name='Task-59' coro=<<async_generator_athrow without __name__>()>>
2026-07-03 21:42:03,297 INFO skill_runner: Job cfb21c459bb9: Phase 3: Synthesizing report from 10 sources via LiteLLM...
2026-07-03 21:43:06,508 INFO httpx: HTTP Request: POST http://litellm-proxy:4000/v1/chat/completions "HTTP/1.1 200 OK"
2026-07-03 21:43:06,510 INFO skill_runner: Job cfb21c459bb9: Report generated (16235 chars)
2026-07-03 21:43:06,511 INFO skill.deep_research: Artifact written: /home/chuck/data/media/research_reports/deep_research_2026-07-04T02-43-06_what-is-LiteLLM.md
2026-07-03 21:43:06,511 INFO skill_runner: Job cfb21c459bb9: Artifact saved: /home/chuck/data/media/research_reports/deep_research_2026-07-04T02-43-06_what-is-LiteLLM.md
2026-07-03 21:43:06,511 INFO skill_runner: Job cfb21c459bb9: deep_research completed: 10 sources, 16235 chars
2026-07-03 21:43:06,512 INFO skill_runner: Job cfb21c459bb9: Skill.run() returned: ['summary', 'report', 'sources', 'artifact_path', 'model_alias', 'depth']
2026-07-03 21:43:06,512 INFO skill_runner: Job cfb21c459bb9: Skill summary: The user wants a research report about "LiteLLM" based on the provided sources.
I need to structure the report as follows:
1. Summary (2-3 paragraphs)
2. Key Findings (3-5 bullet points)
3. Full Repor
2026-07-03 21:43:06,512 INFO skill_runner: Job cfb21c459bb9: Artifact path from skill: /home/chuck/data/media/research_reports/deep_research_2026-07-04T02-43-06_what-is-LiteLLM.md
2026-07-03 21:43:06,512 INFO skill_runner: Job cfb21c459bb9: Merged result key 'sources' into job params
2026-07-03 21:43:06,512 INFO skill_runner: Job cfb21c459bb9: Merged result key 'report' into job params
2026-07-03 21:43:06,512 INFO skill_runner: Job cfb21c459bb9 completed successfully.
2026-07-03 21:43:06,512 INFO skill_runner: Job cfb21c459bb9 launched for skill 'deep_research'.
2026-07-03 21:43:46,310 INFO skill_runner: Job 7a220297f769: Job created for skill 'deep_research'
2026-07-03 21:43:46,311 INFO skill_runner: Job 7a220297f769: Executing skill 'deep_research'
2026-07-03 21:43:46,311 INFO skill_runner: Job 7a220297f769: Skill module found at: /app/skills/deep_research/skill.py
2026-07-03 21:43:46,311 INFO skill_runner: Job 7a220297f769: LiteLLM client initialised: base_url=http://litellm-proxy:4000
2026-07-03 21:43:46,324 INFO skill_runner: Job 7a220297f769: Skill module imported successfully
2026-07-03 21:43:46,324 INFO skill_runner: Job 7a220297f769: Passing sync client as 'litellm_client'
2026-07-03 21:43:46,324 INFO skill_runner: Job 7a220297f769: Invoking skill.run()...
2026-07-03 21:43:46,324 INFO skill_runner: Job 7a220297f769: Validation failed: missing query
2026-07-03 21:43:46,325 INFO skill_runner: Job 7a220297f769: Skill.run() returned: ['error']
2026-07-03 21:43:46,325 INFO skill_runner: Job 7a220297f769: Skill reported error: Missing required 'query' parameter
2026-07-03 21:43:46,325 INFO skill_runner: Job 7a220297f769 failed: Missing required 'query' parameter
2026-07-03 21:43:46,325 INFO skill_runner: Job 7a220297f769 launched for skill 'deep_research'.
2026-07-03 21:43:46,342 INFO skill_runner: Job d02bf8c30b8d: Job created for skill 'deep_research'
2026-07-03 21:43:46,342 INFO skill_runner: Job d02bf8c30b8d: Dry run mode enabled
2026-07-03 21:43:46,342 INFO skill_runner: Job d02bf8c30b8d: Executing skill 'deep_research'
2026-07-03 21:43:46,342 INFO skill_runner: Job d02bf8c30b8d: DRY RUN — skipping actual execution
2026-07-03 21:43:46,343 INFO skill_runner: Job d02bf8c30b8d: Params: {'query': 'what is Python'}
2026-07-03 21:43:46,343 INFO skill_runner: Job d02bf8c30b8d: Tool bundle: none
2026-07-03 21:43:46,343 INFO skill_runner: Job d02bf8c30b8d: Model alias: none
2026-07-03 21:43:46,343 INFO skill_runner: DRY RUN job d02bf8c30b8d completed.
2026-07-03 21:43:46,343 INFO skill_runner: Job d02bf8c30b8d launched for skill 'deep_research'.
2026-07-03 21:44:23,948 INFO skill_runner: Job 47f9cd5baeb7: Job created for skill 'deep_research'
2026-07-03 21:44:23,948 INFO skill_runner: Job 47f9cd5baeb7: Executing skill 'deep_research'
2026-07-03 21:44:23,949 INFO skill_runner: Job 47f9cd5baeb7: Skill module found at: /app/skills/deep_research/skill.py
2026-07-03 21:44:23,949 INFO skill_runner: Job 47f9cd5baeb7: LiteLLM client initialised: base_url=http://litellm-proxy:4000
2026-07-03 21:44:23,961 INFO skill_runner: Job 47f9cd5baeb7: Skill module imported successfully
2026-07-03 21:44:23,961 INFO skill_runner: Job 47f9cd5baeb7: Passing sync client as 'litellm_client'
2026-07-03 21:44:23,961 INFO skill_runner: Job 47f9cd5baeb7: Invoking skill.run()...
2026-07-03 21:44:23,961 INFO skill_runner: Job 47f9cd5baeb7: Executing deep_research: query='what is Crawl4AI...'
2026-07-03 21:44:23,962 INFO skill_runner: Job 47f9cd5baeb7: Depth: comprehensive, max_sources: 10
2026-07-03 21:44:23,962 INFO skill_runner: Job 47f9cd5baeb7: Model alias: matrix-coder
2026-07-03 21:44:23,962 INFO skill_runner: Job 47f9cd5baeb7: Max runtime: 900s
2026-07-03 21:44:23,962 INFO skill_runner: Job 47f9cd5baeb7: LiteLLM: http://litellm-proxy:4000
2026-07-03 21:44:23,962 INFO skill_runner: Job 47f9cd5baeb7: Phase 1: Collecting sources via LiteLLM...
2026-07-03 21:44:23,962 INFO skill.deep_research: Search query 1/3: what is Crawl4AI
2026-07-03 21:44:23,963 INFO skill_runner: SSE MCP call: server=mcp_search base_url=http://mcp_search:8000 tool=search_web
2026-07-03 21:44:24,055 INFO httpx: HTTP Request: GET http://mcp_search:8000/sse "HTTP/1.1 200 OK"
2026-07-03 21:44:24,056 INFO skill_runner: SSE endpoint obtained: /messages/?session_id=ef72a035abd54fa1bb4bb8d68e1046f9
2026-07-03 21:44:24,056 INFO skill_runner: POSTing MCP initialize to http://mcp_search:8000/messages/?session_id=ef72a035abd54fa1bb4bb8d68e1046f9
2026-07-03 21:44:24,062 INFO httpx: HTTP Request: POST http://mcp_search:8000/messages/?session_id=ef72a035abd54fa1bb4bb8d68e1046f9 "HTTP/1.1 202 Accepted"
2026-07-03 21:44:24,064 INFO skill_runner: MCP initialized (server: mcp_search)
2026-07-03 21:44:24,067 INFO httpx: HTTP Request: POST http://mcp_search:8000/messages/?session_id=ef72a035abd54fa1bb4bb8d68e1046f9 "HTTP/1.1 202 Accepted"
2026-07-03 21:44:24,069 INFO skill_runner: POSTing tools/call to http://mcp_search:8000/messages/?session_id=ef72a035abd54fa1bb4bb8d68e1046f9
2026-07-03 21:44:24,073 INFO httpx: HTTP Request: POST http://mcp_search:8000/messages/?session_id=ef72a035abd54fa1bb4bb8d68e1046f9 "HTTP/1.1 202 Accepted"
2026-07-03 21:44:24,074 INFO skill_runner: POST returned status 202
2026-07-03 21:44:25,418 INFO skill_runner: SSE call returning: parse_error=False, structured=True, content=0, is_error=False
2026-07-03 21:44:25,418 INFO skill_runner: SSE call returning structured result (server=mcp_search, tool=search_web, results_count=8)
2026-07-03 21:44:25,418 ERROR asyncio: Task was destroyed but it is pending!
task: <Task pending name='Task-9' coro=<<async_generator_athrow without __name__>()>>
2026-07-03 21:44:25,419 INFO skill.deep_research: Web search returned 8 results for: what is Crawl4AI
2026-07-03 21:44:25,419 INFO skill.deep_research: Search query 2/3: what is Crawl4AI latest developments
2026-07-03 21:44:25,420 INFO skill_runner: SSE MCP call: server=mcp_search base_url=http://mcp_search:8000 tool=search_web
2026-07-03 21:44:25,446 INFO httpx: HTTP Request: GET http://mcp_search:8000/sse "HTTP/1.1 200 OK"
2026-07-03 21:44:25,447 INFO skill_runner: SSE endpoint obtained: /messages/?session_id=b0f824ce614946e69d3003a70d686867
2026-07-03 21:44:25,447 INFO skill_runner: POSTing MCP initialize to http://mcp_search:8000/messages/?session_id=b0f824ce614946e69d3003a70d686867
2026-07-03 21:44:25,457 INFO httpx: HTTP Request: POST http://mcp_search:8000/messages/?session_id=b0f824ce614946e69d3003a70d686867 "HTTP/1.1 202 Accepted"
2026-07-03 21:44:25,459 INFO skill_runner: MCP initialized (server: mcp_search)
2026-07-03 21:44:25,463 INFO httpx: HTTP Request: POST http://mcp_search:8000/messages/?session_id=b0f824ce614946e69d3003a70d686867 "HTTP/1.1 202 Accepted"
2026-07-03 21:44:25,465 INFO skill_runner: POSTing tools/call to http://mcp_search:8000/messages/?session_id=b0f824ce614946e69d3003a70d686867
2026-07-03 21:44:25,468 INFO httpx: HTTP Request: POST http://mcp_search:8000/messages/?session_id=b0f824ce614946e69d3003a70d686867 "HTTP/1.1 202 Accepted"
2026-07-03 21:44:25,470 INFO skill_runner: POST returned status 202
2026-07-03 21:44:26,161 INFO skill_runner: SSE call returning: parse_error=False, structured=True, content=0, is_error=False
2026-07-03 21:44:26,161 INFO skill_runner: SSE call returning structured result (server=mcp_search, tool=search_web, results_count=8)
2026-07-03 21:44:26,162 ERROR asyncio: Task was destroyed but it is pending!
task: <Task pending name='Task-15' coro=<<async_generator_athrow without __name__>()>>
2026-07-03 21:44:26,163 INFO skill.deep_research: Web search returned 8 results for: what is Crawl4AI latest developments
2026-07-03 21:44:26,163 INFO skill.deep_research: Search query 3/3: what is Crawl4AI analysis overview
2026-07-03 21:44:26,163 INFO skill_runner: SSE MCP call: server=mcp_search base_url=http://mcp_search:8000 tool=search_web
2026-07-03 21:44:26,191 INFO httpx: HTTP Request: GET http://mcp_search:8000/sse "HTTP/1.1 200 OK"
2026-07-03 21:44:26,192 INFO skill_runner: SSE endpoint obtained: /messages/?session_id=17f672cd5b4f4f58af0c8fdb0973c5c7
2026-07-03 21:44:26,192 INFO skill_runner: POSTing MCP initialize to http://mcp_search:8000/messages/?session_id=17f672cd5b4f4f58af0c8fdb0973c5c7
2026-07-03 21:44:26,199 INFO httpx: HTTP Request: POST http://mcp_search:8000/messages/?session_id=17f672cd5b4f4f58af0c8fdb0973c5c7 "HTTP/1.1 202 Accepted"
2026-07-03 21:44:26,201 INFO skill_runner: MCP initialized (server: mcp_search)
2026-07-03 21:44:26,205 INFO httpx: HTTP Request: POST http://mcp_search:8000/messages/?session_id=17f672cd5b4f4f58af0c8fdb0973c5c7 "HTTP/1.1 202 Accepted"
2026-07-03 21:44:26,207 INFO skill_runner: POSTing tools/call to http://mcp_search:8000/messages/?session_id=17f672cd5b4f4f58af0c8fdb0973c5c7
2026-07-03 21:44:26,210 INFO httpx: HTTP Request: POST http://mcp_search:8000/messages/?session_id=17f672cd5b4f4f58af0c8fdb0973c5c7 "HTTP/1.1 202 Accepted"
2026-07-03 21:44:26,212 INFO skill_runner: POST returned status 202
2026-07-03 21:44:26,680 INFO skill_runner: SSE call returning: parse_error=False, structured=True, content=0, is_error=False
2026-07-03 21:44:26,680 INFO skill_runner: SSE call returning structured result (server=mcp_search, tool=search_web, results_count=8)
2026-07-03 21:44:26,681 ERROR asyncio: Task was destroyed but it is pending!
task: <Task pending name='Task-21' coro=<<async_generator_athrow without __name__>()>>
2026-07-03 21:44:26,681 INFO skill.deep_research: Web search returned 8 results for: what is Crawl4AI analysis overview
2026-07-03 21:44:26,682 INFO skill_runner: SSE MCP call: server=mcp_knowledge base_url=http://mcp_knowledge:8000 tool=kb_search
2026-07-03 21:44:26,714 INFO httpx: HTTP Request: GET http://mcp_knowledge:8000/sse "HTTP/1.1 200 OK"
2026-07-03 21:44:26,715 INFO skill_runner: SSE endpoint obtained: /messages/?session_id=d82fe757f0504c8289ec434aaea3bd2c
2026-07-03 21:44:26,715 INFO skill_runner: POSTing MCP initialize to http://mcp_knowledge:8000/messages/?session_id=d82fe757f0504c8289ec434aaea3bd2c
2026-07-03 21:44:26,721 INFO httpx: HTTP Request: POST http://mcp_knowledge:8000/messages/?session_id=d82fe757f0504c8289ec434aaea3bd2c "HTTP/1.1 202 Accepted"
2026-07-03 21:44:26,723 INFO skill_runner: MCP initialized (server: mcp_knowledge)
2026-07-03 21:44:26,728 INFO httpx: HTTP Request: POST http://mcp_knowledge:8000/messages/?session_id=d82fe757f0504c8289ec434aaea3bd2c "HTTP/1.1 202 Accepted"
2026-07-03 21:44:26,730 INFO skill_runner: POSTing tools/call to http://mcp_knowledge:8000/messages/?session_id=d82fe757f0504c8289ec434aaea3bd2c
2026-07-03 21:44:26,733 INFO httpx: HTTP Request: POST http://mcp_knowledge:8000/messages/?session_id=d82fe757f0504c8289ec434aaea3bd2c "HTTP/1.1 202 Accepted"
2026-07-03 21:44:26,735 INFO skill_runner: POST returned status 202
2026-07-03 21:44:26,793 INFO skill_runner: SSE call returning: parse_error=False, structured=False, content=1, is_error=True
2026-07-03 21:44:26,793 INFO skill_runner: SSE call returning content result (server=mcp_knowledge, tool=kb_search, items=1)
2026-07-03 21:44:26,793 ERROR asyncio: Task was destroyed but it is pending!
task: <Task pending name='Task-27' coro=<<async_generator_athrow without __name__>()>>
2026-07-03 21:44:26,794 INFO skill_runner: SSE MCP call: server=mcp_knowledge base_url=http://mcp_knowledge:8000 tool=kb_search
2026-07-03 21:44:26,814 INFO httpx: HTTP Request: GET http://mcp_knowledge:8000/sse "HTTP/1.1 200 OK"
2026-07-03 21:44:26,815 INFO skill_runner: SSE endpoint obtained: /messages/?session_id=5b1a176ffcfd47029c3a3b2489a14e30
2026-07-03 21:44:26,815 INFO skill_runner: POSTing MCP initialize to http://mcp_knowledge:8000/messages/?session_id=5b1a176ffcfd47029c3a3b2489a14e30
2026-07-03 21:44:26,821 INFO httpx: HTTP Request: POST http://mcp_knowledge:8000/messages/?session_id=5b1a176ffcfd47029c3a3b2489a14e30 "HTTP/1.1 202 Accepted"
2026-07-03 21:44:26,822 INFO skill_runner: MCP initialized (server: mcp_knowledge)
2026-07-03 21:44:26,825 INFO httpx: HTTP Request: POST http://mcp_knowledge:8000/messages/?session_id=5b1a176ffcfd47029c3a3b2489a14e30 "HTTP/1.1 202 Accepted"
2026-07-03 21:44:26,827 INFO skill_runner: POSTing tools/call to http://mcp_knowledge:8000/messages/?session_id=5b1a176ffcfd47029c3a3b2489a14e30
2026-07-03 21:44:26,830 INFO httpx: HTTP Request: POST http://mcp_knowledge:8000/messages/?session_id=5b1a176ffcfd47029c3a3b2489a14e30 "HTTP/1.1 202 Accepted"
2026-07-03 21:44:26,831 INFO skill_runner: POST returned status 202
2026-07-03 21:44:26,872 INFO skill_runner: SSE call returning: parse_error=False, structured=False, content=1, is_error=True
2026-07-03 21:44:26,872 INFO skill_runner: SSE call returning content result (server=mcp_knowledge, tool=kb_search, items=1)
2026-07-03 21:44:26,872 ERROR asyncio: Task was destroyed but it is pending!
task: <Task pending name='Task-33' coro=<<async_generator_athrow without __name__>()>>
2026-07-03 21:44:26,872 INFO skill.deep_research: Knowledge search returned 0 results
2026-07-03 21:44:26,873 INFO skill.deep_research: Collected 10 unique sources (max requested: 10)
2026-07-03 21:44:26,873 INFO skill_runner: Job 47f9cd5baeb7: Phase 2: Crawling top 3 sources via LiteLLM...
2026-07-03 21:44:26,873 INFO skill_runner: SSE MCP call: server=mcp_crawl base_url=http://mcp_crawl:8000 tool=crawl
2026-07-03 21:44:26,908 INFO httpx: HTTP Request: GET http://mcp_crawl:8000/sse "HTTP/1.1 200 OK"
2026-07-03 21:44:26,909 INFO skill_runner: SSE endpoint obtained: /messages/?session_id=3d4a803db1444a7592676d0b7e20b9e1
2026-07-03 21:44:26,909 INFO skill_runner: POSTing MCP initialize to http://mcp_crawl:8000/messages/?session_id=3d4a803db1444a7592676d0b7e20b9e1
2026-07-03 21:44:26,916 INFO httpx: HTTP Request: POST http://mcp_crawl:8000/messages/?session_id=3d4a803db1444a7592676d0b7e20b9e1 "HTTP/1.1 202 Accepted"
2026-07-03 21:44:26,918 INFO skill_runner: MCP initialized (server: mcp_crawl)
2026-07-03 21:44:26,921 INFO httpx: HTTP Request: POST http://mcp_crawl:8000/messages/?session_id=3d4a803db1444a7592676d0b7e20b9e1 "HTTP/1.1 202 Accepted"
2026-07-03 21:44:26,923 INFO skill_runner: POSTing tools/call to http://mcp_crawl:8000/messages/?session_id=3d4a803db1444a7592676d0b7e20b9e1
2026-07-03 21:44:26,927 INFO httpx: HTTP Request: POST http://mcp_crawl:8000/messages/?session_id=3d4a803db1444a7592676d0b7e20b9e1 "HTTP/1.1 202 Accepted"
2026-07-03 21:44:26,928 INFO skill_runner: POST returned status 202
2026-07-03 21:44:26,931 INFO skill_runner: SSE call returning: parse_error=False, structured=False, content=1, is_error=True
2026-07-03 21:44:26,931 INFO skill_runner: SSE call returning content result (server=mcp_crawl, tool=crawl, items=1)
2026-07-03 21:44:26,931 ERROR asyncio: Task was destroyed but it is pending!
task: <Task pending name='Task-39' coro=<<async_generator_athrow without __name__>()>>
2026-07-03 21:44:26,932 INFO skill_runner: SSE MCP call: server=mcp_crawl base_url=http://mcp_crawl:8000 tool=crawl
2026-07-03 21:44:26,953 INFO httpx: HTTP Request: GET http://mcp_crawl:8000/sse "HTTP/1.1 200 OK"
2026-07-03 21:44:26,954 INFO skill_runner: SSE endpoint obtained: /messages/?session_id=c15a51fefef540c38bb9507ee7dbe21c
2026-07-03 21:44:26,956 INFO skill_runner: POSTing MCP initialize to http://mcp_crawl:8000/messages/?session_id=c15a51fefef540c38bb9507ee7dbe21c
2026-07-03 21:44:26,963 INFO httpx: HTTP Request: POST http://mcp_crawl:8000/messages/?session_id=c15a51fefef540c38bb9507ee7dbe21c "HTTP/1.1 202 Accepted"
2026-07-03 21:44:26,965 INFO skill_runner: MCP initialized (server: mcp_crawl)
2026-07-03 21:44:26,968 INFO httpx: HTTP Request: POST http://mcp_crawl:8000/messages/?session_id=c15a51fefef540c38bb9507ee7dbe21c "HTTP/1.1 202 Accepted"
2026-07-03 21:44:26,969 INFO skill_runner: POSTing tools/call to http://mcp_crawl:8000/messages/?session_id=c15a51fefef540c38bb9507ee7dbe21c
2026-07-03 21:44:26,972 INFO httpx: HTTP Request: POST http://mcp_crawl:8000/messages/?session_id=c15a51fefef540c38bb9507ee7dbe21c "HTTP/1.1 202 Accepted"
2026-07-03 21:44:26,973 INFO skill_runner: POST returned status 202
2026-07-03 21:44:26,975 INFO skill_runner: SSE call returning: parse_error=False, structured=False, content=1, is_error=True
2026-07-03 21:44:26,975 INFO skill_runner: SSE call returning content result (server=mcp_crawl, tool=crawl, items=1)
2026-07-03 21:44:26,976 ERROR asyncio: Task was destroyed but it is pending!
task: <Task pending name='Task-45' coro=<<async_generator_athrow without __name__>()>>
2026-07-03 21:44:26,977 INFO skill_runner: SSE MCP call: server=mcp_crawl base_url=http://mcp_crawl:8000 tool=crawl
2026-07-03 21:44:26,997 INFO httpx: HTTP Request: GET http://mcp_crawl:8000/sse "HTTP/1.1 200 OK"
2026-07-03 21:44:26,998 INFO skill_runner: SSE endpoint obtained: /messages/?session_id=91b59c1373314cf89a46321f41731127
2026-07-03 21:44:26,998 INFO skill_runner: POSTing MCP initialize to http://mcp_crawl:8000/messages/?session_id=91b59c1373314cf89a46321f41731127
2026-07-03 21:44:27,004 INFO httpx: HTTP Request: POST http://mcp_crawl:8000/messages/?session_id=91b59c1373314cf89a46321f41731127 "HTTP/1.1 202 Accepted"
2026-07-03 21:44:27,005 INFO skill_runner: MCP initialized (server: mcp_crawl)
2026-07-03 21:44:27,008 INFO httpx: HTTP Request: POST http://mcp_crawl:8000/messages/?session_id=91b59c1373314cf89a46321f41731127 "HTTP/1.1 202 Accepted"
2026-07-03 21:44:27,009 INFO skill_runner: POSTing tools/call to http://mcp_crawl:8000/messages/?session_id=91b59c1373314cf89a46321f41731127
2026-07-03 21:44:27,012 INFO httpx: HTTP Request: POST http://mcp_crawl:8000/messages/?session_id=91b59c1373314cf89a46321f41731127 "HTTP/1.1 202 Accepted"
2026-07-03 21:44:27,014 INFO skill_runner: POST returned status 202
2026-07-03 21:44:27,015 INFO skill_runner: SSE call returning: parse_error=False, structured=False, content=1, is_error=True
2026-07-03 21:44:27,015 INFO skill_runner: SSE call returning content result (server=mcp_crawl, tool=crawl, items=1)
2026-07-03 21:44:27,015 ERROR asyncio: Task was destroyed but it is pending!
task: <Task pending name='Task-51' coro=<<async_generator_athrow without __name__>()>>
2026-07-03 21:44:27,015 INFO skill_runner: Job 47f9cd5baeb7: Phase 3: Synthesizing report from 10 sources via LiteLLM...
2026-07-03 21:45:46,153 INFO httpx: HTTP Request: POST http://litellm-proxy:4000/v1/chat/completions "HTTP/1.1 200 OK"
2026-07-03 21:45:46,155 INFO skill_runner: Job 47f9cd5baeb7: Report generated (21580 chars)
2026-07-03 21:45:46,156 INFO skill.deep_research: Artifact written: /home/chuck/data/media/research_reports/deep_research_2026-07-04T02-45-46_what-is-Crawl4AI.md
2026-07-03 21:45:46,157 INFO skill_runner: Job 47f9cd5baeb7: Artifact saved: /home/chuck/data/media/research_reports/deep_research_2026-07-04T02-45-46_what-is-Crawl4AI.md
2026-07-03 21:45:46,157 INFO skill_runner: Job 47f9cd5baeb7: deep_research completed: 10 sources, 21580 chars
2026-07-03 21:45:46,157 INFO skill_runner: Job 47f9cd5baeb7: Skill.run() returned: ['summary', 'report', 'sources', 'artifact_path', 'model_alias', 'depth']
2026-07-03 21:45:46,157 INFO skill_runner: Job 47f9cd5baeb7: Skill summary: Here's a thinking process:
1.  **Analyze User Input:**
   - **Query:** "what is Crawl4AI"
   - **Sources:** 10 sources provided with titles, URLs, types, and snippets.
   - **Requirements:**
     - Su
2026-07-03 21:45:46,157 INFO skill_runner: Job 47f9cd5baeb7: Artifact path from skill: /home/chuck/data/media/research_reports/deep_research_2026-07-04T02-45-46_what-is-Crawl4AI.md
2026-07-03 21:45:46,158 INFO skill_runner: Job 47f9cd5baeb7: Merged result key 'report' into job params
2026-07-03 21:45:46,158 INFO skill_runner: Job 47f9cd5baeb7: Merged result key 'sources' into job params
2026-07-03 21:45:46,158 INFO skill_runner: Job 47f9cd5baeb7 completed successfully.
2026-07-03 21:45:46,158 INFO skill_runner: Job 47f9cd5baeb7 launched for skill 'deep_research'.
2026-07-03 21:45:46,160 INFO skill_runner: Job eb59b1b2e42d: Job created for skill 'deep_research'
2026-07-03 21:45:46,161 INFO skill_runner: Job eb59b1b2e42d: Executing skill 'deep_research'
2026-07-03 21:45:46,161 INFO skill_runner: Job eb59b1b2e42d: Skill module found at: /app/skills/deep_research/skill.py
2026-07-03 21:45:46,161 INFO skill_runner: Job eb59b1b2e42d: LiteLLM client initialised: base_url=http://litellm-proxy:4000
2026-07-03 21:45:46,183 INFO skill_runner: Job eb59b1b2e42d: Skill module imported successfully
2026-07-03 21:45:46,183 INFO skill_runner: Job eb59b1b2e42d: Passing sync client as 'litellm_client'
2026-07-03 21:45:46,183 INFO skill_runner: Job eb59b1b2e42d: Invoking skill.run()...
2026-07-03 21:45:46,184 INFO skill_runner: Job eb59b1b2e42d: Executing deep_research: query='what is Crawl4AI...'
2026-07-03 21:45:46,184 INFO skill_runner: Job eb59b1b2e42d: Depth: comprehensive, max_sources: 10
2026-07-03 21:45:46,184 INFO skill_runner: Job eb59b1b2e42d: Model alias: matrix-coder
2026-07-03 21:45:46,184 INFO skill_runner: Job eb59b1b2e42d: Max runtime: 900s
2026-07-03 21:45:46,184 INFO skill_runner: Job eb59b1b2e42d: LiteLLM: http://litellm-proxy:4000
2026-07-03 21:45:46,184 INFO skill_runner: Job eb59b1b2e42d: Phase 1: Collecting sources via LiteLLM...
2026-07-03 21:45:46,184 INFO skill.deep_research: Search query 1/3: what is Crawl4AI
2026-07-03 21:45:46,185 INFO skill_runner: SSE MCP call: server=mcp_search base_url=http://mcp_search:8000 tool=search_web
2026-07-03 21:45:46,211 INFO httpx: HTTP Request: GET http://mcp_search:8000/sse "HTTP/1.1 200 OK"
2026-07-03 21:45:46,211 INFO skill_runner: SSE endpoint obtained: /messages/?session_id=918ddec80b8443eeae272315780564c3
2026-07-03 21:45:46,211 INFO skill_runner: POSTing MCP initialize to http://mcp_search:8000/messages/?session_id=918ddec80b8443eeae272315780564c3
2026-07-03 21:45:46,216 INFO httpx: HTTP Request: POST http://mcp_search:8000/messages/?session_id=918ddec80b8443eeae272315780564c3 "HTTP/1.1 202 Accepted"
2026-07-03 21:45:46,218 INFO skill_runner: MCP initialized (server: mcp_search)
2026-07-03 21:45:46,220 INFO httpx: HTTP Request: POST http://mcp_search:8000/messages/?session_id=918ddec80b8443eeae272315780564c3 "HTTP/1.1 202 Accepted"
2026-07-03 21:45:46,221 INFO skill_runner: POSTing tools/call to http://mcp_search:8000/messages/?session_id=918ddec80b8443eeae272315780564c3
2026-07-03 21:45:46,224 INFO httpx: HTTP Request: POST http://mcp_search:8000/messages/?session_id=918ddec80b8443eeae272315780564c3 "HTTP/1.1 202 Accepted"
2026-07-03 21:45:46,225 INFO skill_runner: POST returned status 202
2026-07-03 21:45:46,716 INFO skill_runner: SSE call returning: parse_error=False, structured=True, content=0, is_error=False
2026-07-03 21:45:46,716 INFO skill_runner: SSE call returning structured result (server=mcp_search, tool=search_web, results_count=8)
2026-07-03 21:45:46,717 ERROR asyncio: Task was destroyed but it is pending!
task: <Task pending name='Task-59' coro=<<async_generator_athrow without __name__>()>>
2026-07-03 21:45:46,717 INFO skill.deep_research: Web search returned 8 results for: what is Crawl4AI
2026-07-03 21:45:46,717 INFO skill.deep_research: Search query 2/3: what is Crawl4AI latest developments
2026-07-03 21:45:46,717 INFO skill_runner: SSE MCP call: server=mcp_search base_url=http://mcp_search:8000 tool=search_web
2026-07-03 21:45:46,735 INFO httpx: HTTP Request: GET http://mcp_search:8000/sse "HTTP/1.1 200 OK"
2026-07-03 21:45:46,736 INFO skill_runner: SSE endpoint obtained: /messages/?session_id=b46f8b2831a248148b2d87c1940b294e
2026-07-03 21:45:46,736 INFO skill_runner: POSTing MCP initialize to http://mcp_search:8000/messages/?session_id=b46f8b2831a248148b2d87c1940b294e
2026-07-03 21:45:46,744 INFO httpx: HTTP Request: POST http://mcp_search:8000/messages/?session_id=b46f8b2831a248148b2d87c1940b294e "HTTP/1.1 202 Accepted"
2026-07-03 21:45:46,746 INFO skill_runner: MCP initialized (server: mcp_search)
2026-07-03 21:45:46,749 INFO httpx: HTTP Request: POST http://mcp_search:8000/messages/?session_id=b46f8b2831a248148b2d87c1940b294e "HTTP/1.1 202 Accepted"
2026-07-03 21:45:46,749 INFO skill_runner: POSTing tools/call to http://mcp_search:8000/messages/?session_id=b46f8b2831a248148b2d87c1940b294e
2026-07-03 21:45:46,752 INFO httpx: HTTP Request: POST http://mcp_search:8000/messages/?session_id=b46f8b2831a248148b2d87c1940b294e "HTTP/1.1 202 Accepted"
2026-07-03 21:45:46,753 INFO skill_runner: POST returned status 202
2026-07-03 21:45:47,149 INFO skill_runner: SSE call returning: parse_error=False, structured=True, content=0, is_error=False
2026-07-03 21:45:47,149 INFO skill_runner: SSE call returning structured result (server=mcp_search, tool=search_web, results_count=8)
2026-07-03 21:45:47,149 ERROR asyncio: Task was destroyed but it is pending!
task: <Task pending name='Task-65' coro=<<async_generator_athrow without __name__>()>>
2026-07-03 21:45:47,150 INFO skill.deep_research: Web search returned 8 results for: what is Crawl4AI latest developments
2026-07-03 21:45:47,150 INFO skill.deep_research: Search query 3/3: what is Crawl4AI analysis overview
2026-07-03 21:45:47,151 INFO skill_runner: SSE MCP call: server=mcp_search base_url=http://mcp_search:8000 tool=search_web
2026-07-03 21:45:47,182 INFO httpx: HTTP Request: GET http://mcp_search:8000/sse "HTTP/1.1 200 OK"
2026-07-03 21:45:47,183 INFO skill_runner: SSE endpoint obtained: /messages/?session_id=4bf56388c84546c0989fc696409a8aab
2026-07-03 21:45:47,183 INFO skill_runner: POSTing MCP initialize to http://mcp_search:8000/messages/?session_id=4bf56388c84546c0989fc696409a8aab
2026-07-03 21:45:47,190 INFO httpx: HTTP Request: POST http://mcp_search:8000/messages/?session_id=4bf56388c84546c0989fc696409a8aab "HTTP/1.1 202 Accepted"
2026-07-03 21:45:47,191 INFO skill_runner: MCP initialized (server: mcp_search)
2026-07-03 21:45:47,194 INFO httpx: HTTP Request: POST http://mcp_search:8000/messages/?session_id=4bf56388c84546c0989fc696409a8aab "HTTP/1.1 202 Accepted"
2026-07-03 21:45:47,195 INFO skill_runner: POSTing tools/call to http://mcp_search:8000/messages/?session_id=4bf56388c84546c0989fc696409a8aab
2026-07-03 21:45:47,198 INFO httpx: HTTP Request: POST http://mcp_search:8000/messages/?session_id=4bf56388c84546c0989fc696409a8aab "HTTP/1.1 202 Accepted"
2026-07-03 21:45:47,199 INFO skill_runner: POST returned status 202
2026-07-03 21:45:47,596 INFO skill_runner: SSE call returning: parse_error=False, structured=True, content=0, is_error=False
2026-07-03 21:45:47,596 INFO skill_runner: SSE call returning structured result (server=mcp_search, tool=search_web, results_count=8)
2026-07-03 21:45:47,597 ERROR asyncio: Task was destroyed but it is pending!
task: <Task pending name='Task-71' coro=<<async_generator_athrow without __name__>()>>
2026-07-03 21:45:47,597 INFO skill.deep_research: Web search returned 8 results for: what is Crawl4AI analysis overview
2026-07-03 21:45:47,598 INFO skill_runner: SSE MCP call: server=mcp_knowledge base_url=http://mcp_knowledge:8000 tool=kb_search
2026-07-03 21:45:47,631 INFO httpx: HTTP Request: GET http://mcp_knowledge:8000/sse "HTTP/1.1 200 OK"
2026-07-03 21:45:47,632 INFO skill_runner: SSE endpoint obtained: /messages/?session_id=a1146524272443adaccb136c43c65695
2026-07-03 21:45:47,632 INFO skill_runner: POSTing MCP initialize to http://mcp_knowledge:8000/messages/?session_id=a1146524272443adaccb136c43c65695
2026-07-03 21:45:47,639 INFO httpx: HTTP Request: POST http://mcp_knowledge:8000/messages/?session_id=a1146524272443adaccb136c43c65695 "HTTP/1.1 202 Accepted"
2026-07-03 21:45:47,640 INFO skill_runner: MCP initialized (server: mcp_knowledge)
2026-07-03 21:45:47,644 INFO httpx: HTTP Request: POST http://mcp_knowledge:8000/messages/?session_id=a1146524272443adaccb136c43c65695 "HTTP/1.1 202 Accepted"
2026-07-03 21:45:47,645 INFO skill_runner: POSTing tools/call to http://mcp_knowledge:8000/messages/?session_id=a1146524272443adaccb136c43c65695
2026-07-03 21:45:47,648 INFO httpx: HTTP Request: POST http://mcp_knowledge:8000/messages/?session_id=a1146524272443adaccb136c43c65695 "HTTP/1.1 202 Accepted"
2026-07-03 21:45:47,650 INFO skill_runner: POST returned status 202
2026-07-03 21:45:47,704 INFO skill_runner: SSE call returning: parse_error=False, structured=False, content=1, is_error=True
2026-07-03 21:45:47,705 INFO skill_runner: SSE call returning content result (server=mcp_knowledge, tool=kb_search, items=1)
2026-07-03 21:45:47,705 ERROR asyncio: Task was destroyed but it is pending!
task: <Task pending name='Task-77' coro=<<async_generator_athrow without __name__>()>>
2026-07-03 21:45:47,706 INFO skill_runner: SSE MCP call: server=mcp_knowledge base_url=http://mcp_knowledge:8000 tool=kb_search
2026-07-03 21:45:47,730 INFO httpx: HTTP Request: GET http://mcp_knowledge:8000/sse "HTTP/1.1 200 OK"
2026-07-03 21:45:47,730 INFO skill_runner: SSE endpoint obtained: /messages/?session_id=30dea4b12ed344028727d6c97d3a79e7
2026-07-03 21:45:47,730 INFO skill_runner: POSTing MCP initialize to http://mcp_knowledge:8000/messages/?session_id=30dea4b12ed344028727d6c97d3a79e7
2026-07-03 21:45:47,738 INFO httpx: HTTP Request: POST http://mcp_knowledge:8000/messages/?session_id=30dea4b12ed344028727d6c97d3a79e7 "HTTP/1.1 202 Accepted"
2026-07-03 21:45:47,740 INFO skill_runner: MCP initialized (server: mcp_knowledge)
2026-07-03 21:45:47,744 INFO httpx: HTTP Request: POST http://mcp_knowledge:8000/messages/?session_id=30dea4b12ed344028727d6c97d3a79e7 "HTTP/1.1 202 Accepted"
2026-07-03 21:45:47,745 INFO skill_runner: POSTing tools/call to http://mcp_knowledge:8000/messages/?session_id=30dea4b12ed344028727d6c97d3a79e7
2026-07-03 21:45:47,748 INFO httpx: HTTP Request: POST http://mcp_knowledge:8000/messages/?session_id=30dea4b12ed344028727d6c97d3a79e7 "HTTP/1.1 202 Accepted"
2026-07-03 21:45:47,750 INFO skill_runner: POST returned status 202
2026-07-03 21:45:47,782 INFO skill_runner: SSE call returning: parse_error=False, structured=False, content=1, is_error=True
2026-07-03 21:45:47,782 INFO skill_runner: SSE call returning content result (server=mcp_knowledge, tool=kb_search, items=1)
2026-07-03 21:45:47,783 ERROR asyncio: Task was destroyed but it is pending!
task: <Task pending name='Task-83' coro=<<async_generator_athrow without __name__>()>>
2026-07-03 21:45:47,783 INFO skill.deep_research: Knowledge search returned 0 results
2026-07-03 21:45:47,783 INFO skill.deep_research: Collected 10 unique sources (max requested: 10)
2026-07-03 21:45:47,783 INFO skill_runner: Job eb59b1b2e42d: Phase 2: Crawling top 3 sources via LiteLLM...
2026-07-03 21:45:47,784 INFO skill_runner: SSE MCP call: server=mcp_crawl base_url=http://mcp_crawl:8000 tool=crawl
2026-07-03 21:45:47,816 INFO httpx: HTTP Request: GET http://mcp_crawl:8000/sse "HTTP/1.1 200 OK"
2026-07-03 21:45:47,817 INFO skill_runner: SSE endpoint obtained: /messages/?session_id=05422141a2c74334a21bbe0f069e24c3
2026-07-03 21:45:47,817 INFO skill_runner: POSTing MCP initialize to http://mcp_crawl:8000/messages/?session_id=05422141a2c74334a21bbe0f069e24c3
2026-07-03 21:45:47,825 INFO httpx: HTTP Request: POST http://mcp_crawl:8000/messages/?session_id=05422141a2c74334a21bbe0f069e24c3 "HTTP/1.1 202 Accepted"
2026-07-03 21:45:47,827 INFO skill_runner: MCP initialized (server: mcp_crawl)
2026-07-03 21:45:47,830 INFO httpx: HTTP Request: POST http://mcp_crawl:8000/messages/?session_id=05422141a2c74334a21bbe0f069e24c3 "HTTP/1.1 202 Accepted"
2026-07-03 21:45:47,832 INFO skill_runner: POSTing tools/call to http://mcp_crawl:8000/messages/?session_id=05422141a2c74334a21bbe0f069e24c3
2026-07-03 21:45:47,835 INFO httpx: HTTP Request: POST http://mcp_crawl:8000/messages/?session_id=05422141a2c74334a21bbe0f069e24c3 "HTTP/1.1 202 Accepted"
2026-07-03 21:45:47,837 INFO skill_runner: POST returned status 202
2026-07-03 21:45:47,839 INFO skill_runner: SSE call returning: parse_error=False, structured=False, content=1, is_error=True
2026-07-03 21:45:47,839 INFO skill_runner: SSE call returning content result (server=mcp_crawl, tool=crawl, items=1)
2026-07-03 21:45:47,839 ERROR asyncio: Task was destroyed but it is pending!
task: <Task pending name='Task-89' coro=<<async_generator_athrow without __name__>()>>
2026-07-03 21:45:47,840 INFO skill_runner: SSE MCP call: server=mcp_crawl base_url=http://mcp_crawl:8000 tool=crawl
2026-07-03 21:45:47,861 INFO httpx: HTTP Request: GET http://mcp_crawl:8000/sse "HTTP/1.1 200 OK"
2026-07-03 21:45:47,862 INFO skill_runner: SSE endpoint obtained: /messages/?session_id=7e602dfe78e54b5cb051ee2bb37b33ab
2026-07-03 21:45:47,862 INFO skill_runner: POSTing MCP initialize to http://mcp_crawl:8000/messages/?session_id=7e602dfe78e54b5cb051ee2bb37b33ab
2026-07-03 21:45:47,868 INFO httpx: HTTP Request: POST http://mcp_crawl:8000/messages/?session_id=7e602dfe78e54b5cb051ee2bb37b33ab "HTTP/1.1 202 Accepted"
2026-07-03 21:45:47,869 INFO skill_runner: MCP initialized (server: mcp_crawl)
2026-07-03 21:45:47,873 INFO httpx: HTTP Request: POST http://mcp_crawl:8000/messages/?session_id=7e602dfe78e54b5cb051ee2bb37b33ab "HTTP/1.1 202 Accepted"
2026-07-03 21:45:47,874 INFO skill_runner: POSTing tools/call to http://mcp_crawl:8000/messages/?session_id=7e602dfe78e54b5cb051ee2bb37b33ab
2026-07-03 21:45:47,878 INFO httpx: HTTP Request: POST http://mcp_crawl:8000/messages/?session_id=7e602dfe78e54b5cb051ee2bb37b33ab "HTTP/1.1 202 Accepted"
2026-07-03 21:45:47,879 INFO skill_runner: POST returned status 202
2026-07-03 21:45:47,881 INFO skill_runner: SSE call returning: parse_error=False, structured=False, content=1, is_error=True
2026-07-03 21:45:47,881 INFO skill_runner: SSE call returning content result (server=mcp_crawl, tool=crawl, items=1)
2026-07-03 21:45:47,881 ERROR asyncio: Task was destroyed but it is pending!
task: <Task pending name='Task-95' coro=<<async_generator_athrow without __name__>()>>
2026-07-03 21:45:47,882 INFO skill_runner: SSE MCP call: server=mcp_crawl base_url=http://mcp_crawl:8000 tool=crawl
2026-07-03 21:45:47,904 INFO httpx: HTTP Request: GET http://mcp_crawl:8000/sse "HTTP/1.1 200 OK"
2026-07-03 21:45:47,905 INFO skill_runner: SSE endpoint obtained: /messages/?session_id=732b6c54a3f444278096c68277d6e776
2026-07-03 21:45:47,905 INFO skill_runner: POSTing MCP initialize to http://mcp_crawl:8000/messages/?session_id=732b6c54a3f444278096c68277d6e776
2026-07-03 21:45:47,915 INFO httpx: HTTP Request: POST http://mcp_crawl:8000/messages/?session_id=732b6c54a3f444278096c68277d6e776 "HTTP/1.1 202 Accepted"
2026-07-03 21:45:47,916 INFO skill_runner: MCP initialized (server: mcp_crawl)
2026-07-03 21:45:47,919 INFO httpx: HTTP Request: POST http://mcp_crawl:8000/messages/?session_id=732b6c54a3f444278096c68277d6e776 "HTTP/1.1 202 Accepted"
2026-07-03 21:45:47,920 INFO skill_runner: POSTing tools/call to http://mcp_crawl:8000/messages/?session_id=732b6c54a3f444278096c68277d6e776
2026-07-03 21:45:47,923 INFO httpx: HTTP Request: POST http://mcp_crawl:8000/messages/?session_id=732b6c54a3f444278096c68277d6e776 "HTTP/1.1 202 Accepted"
2026-07-03 21:45:47,924 INFO skill_runner: POST returned status 202
2026-07-03 21:45:47,925 INFO skill_runner: SSE call returning: parse_error=False, structured=False, content=1, is_error=True
2026-07-03 21:45:47,925 INFO skill_runner: SSE call returning content result (server=mcp_crawl, tool=crawl, items=1)
2026-07-03 21:45:47,926 ERROR asyncio: Task was destroyed but it is pending!
task: <Task pending name='Task-101' coro=<<async_generator_athrow without __name__>()>>
2026-07-03 21:45:47,926 INFO skill_runner: Job eb59b1b2e42d: Phase 3: Synthesizing report from 10 sources via LiteLLM...
2026-07-03 21:47:06,043 INFO httpx: HTTP Request: POST http://litellm-proxy:4000/v1/chat/completions "HTTP/1.1 200 OK"
2026-07-03 21:47:06,045 INFO skill_runner: Job eb59b1b2e42d: Report generated (21835 chars)
2026-07-03 21:47:06,046 INFO skill.deep_research: Artifact written: /home/chuck/data/media/research_reports/deep_research_2026-07-04T02-47-06_what-is-Crawl4AI.md
2026-07-03 21:47:06,046 INFO skill_runner: Job eb59b1b2e42d: Artifact saved: /home/chuck/data/media/research_reports/deep_research_2026-07-04T02-47-06_what-is-Crawl4AI.md
2026-07-03 21:47:06,047 INFO skill_runner: Job eb59b1b2e42d: deep_research completed: 10 sources, 21835 chars
2026-07-03 21:47:06,047 INFO skill_runner: Job eb59b1b2e42d: Skill.run() returned: ['summary', 'report', 'sources', 'artifact_path', 'model_alias', 'depth']
2026-07-03 21:47:06,047 INFO skill_runner: Job eb59b1b2e42d: Skill summary: Here's a thinking process:
1.  **Analyze User Input:**
   - **Query:** "what is Crawl4AI"
   - **Sources:** 10 sources provided with titles, URLs, types, and snippets.
   - **Requirements:**
     - Su
2026-07-03 21:47:06,047 INFO skill_runner: Job eb59b1b2e42d: Artifact path from skill: /home/chuck/data/media/research_reports/deep_research_2026-07-04T02-47-06_what-is-Crawl4AI.md
2026-07-03 21:47:06,047 INFO skill_runner: Job eb59b1b2e42d: Merged result key 'report' into job params
2026-07-03 21:47:06,048 INFO skill_runner: Job eb59b1b2e42d: Merged result key 'sources' into job params
2026-07-03 21:47:06,048 INFO skill_runner: Job eb59b1b2e42d completed successfully.
2026-07-03 21:47:06,048 INFO skill_runner: Job eb59b1b2e42d launched for skill 'deep_research'.
2026-07-03 21:47:13,613 INFO skill_runner: Job 2e9750f9aeb9: Job created for skill 'deep_research'
2026-07-03 21:47:13,613 INFO skill_runner: Job 2e9750f9aeb9: Executing skill 'deep_research'
2026-07-03 21:47:13,614 INFO skill_runner: Job 2e9750f9aeb9: Skill module found at: /app/skills/deep_research/skill.py
2026-07-03 21:47:13,614 INFO skill_runner: Job 2e9750f9aeb9: LiteLLM client initialised: base_url=http://litellm-proxy:4000
2026-07-03 21:47:13,628 INFO skill_runner: Job 2e9750f9aeb9: Skill module imported successfully
2026-07-03 21:47:13,628 INFO skill_runner: Job 2e9750f9aeb9: Passing sync client as 'litellm_client'
2026-07-03 21:47:13,628 INFO skill_runner: Job 2e9750f9aeb9: Invoking skill.run()...
2026-07-03 21:47:13,629 INFO skill_runner: Job 2e9750f9aeb9: Executing deep_research: query='list files in /home/chuck/data/media...'
2026-07-03 21:47:13,629 INFO skill_runner: Job 2e9750f9aeb9: Depth: comprehensive, max_sources: 10
2026-07-03 21:47:13,629 INFO skill_runner: Job 2e9750f9aeb9: Model alias: matrix-coder
2026-07-03 21:47:13,629 INFO skill_runner: Job 2e9750f9aeb9: Max runtime: 900s
2026-07-03 21:47:13,629 INFO skill_runner: Job 2e9750f9aeb9: LiteLLM: http://litellm-proxy:4000
2026-07-03 21:47:13,629 INFO skill_runner: Job 2e9750f9aeb9: Phase 1: Collecting sources via LiteLLM...
2026-07-03 21:47:13,629 INFO skill.deep_research: Search query 1/3: list files in /home/chuck/data/media
2026-07-03 21:47:13,630 INFO skill_runner: SSE MCP call: server=mcp_search base_url=http://mcp_search:8000 tool=search_web
2026-07-03 21:47:13,656 INFO httpx: HTTP Request: GET http://mcp_search:8000/sse "HTTP/1.1 200 OK"
2026-07-03 21:47:13,656 INFO skill_runner: SSE endpoint obtained: /messages/?session_id=6309fd6288504813aece25f0e346de67
2026-07-03 21:47:13,657 INFO skill_runner: POSTing MCP initialize to http://mcp_search:8000/messages/?session_id=6309fd6288504813aece25f0e346de67
2026-07-03 21:47:13,664 INFO httpx: HTTP Request: POST http://mcp_search:8000/messages/?session_id=6309fd6288504813aece25f0e346de67 "HTTP/1.1 202 Accepted"
2026-07-03 21:47:13,665 INFO skill_runner: MCP initialized (server: mcp_search)
2026-07-03 21:47:13,667 INFO httpx: HTTP Request: POST http://mcp_search:8000/messages/?session_id=6309fd6288504813aece25f0e346de67 "HTTP/1.1 202 Accepted"
2026-07-03 21:47:13,668 INFO skill_runner: POSTing tools/call to http://mcp_search:8000/messages/?session_id=6309fd6288504813aece25f0e346de67
2026-07-03 21:47:13,670 INFO httpx: HTTP Request: POST http://mcp_search:8000/messages/?session_id=6309fd6288504813aece25f0e346de67 "HTTP/1.1 202 Accepted"
2026-07-03 21:47:13,671 INFO skill_runner: POST returned status 202
2026-07-03 21:47:16,708 INFO skill_runner: SSE call returning: parse_error=False, structured=True, content=0, is_error=False
2026-07-03 21:47:16,708 INFO skill_runner: SSE call returning structured result (server=mcp_search, tool=search_web, results_count=8)
2026-07-03 21:47:16,708 ERROR asyncio: Task was destroyed but it is pending!
task: <Task pending name='Task-109' coro=<<async_generator_athrow without __name__>()>>
2026-07-03 21:47:16,709 INFO skill.deep_research: Web search returned 8 results for: list files in /home/chuck/data/media
2026-07-03 21:47:16,709 INFO skill.deep_research: Search query 2/3: list files in /home/chuck/data/media latest developments
2026-07-03 21:47:16,709 INFO skill_runner: SSE MCP call: server=mcp_search base_url=http://mcp_search:8000 tool=search_web
2026-07-03 21:47:16,735 INFO httpx: HTTP Request: GET http://mcp_search:8000/sse "HTTP/1.1 200 OK"
2026-07-03 21:47:16,736 INFO skill_runner: SSE endpoint obtained: /messages/?session_id=a8a72492c4bf4df2814bc9b4aeb84a92
2026-07-03 21:47:16,737 INFO skill_runner: POSTing MCP initialize to http://mcp_search:8000/messages/?session_id=a8a72492c4bf4df2814bc9b4aeb84a92
2026-07-03 21:47:16,744 INFO httpx: HTTP Request: POST http://mcp_search:8000/messages/?session_id=a8a72492c4bf4df2814bc9b4aeb84a92 "HTTP/1.1 202 Accepted"
2026-07-03 21:47:16,746 INFO skill_runner: MCP initialized (server: mcp_search)
2026-07-03 21:47:16,750 INFO httpx: HTTP Request: POST http://mcp_search:8000/messages/?session_id=a8a72492c4bf4df2814bc9b4aeb84a92 "HTTP/1.1 202 Accepted"
2026-07-03 21:47:16,752 INFO skill_runner: POSTing tools/call to http://mcp_search:8000/messages/?session_id=a8a72492c4bf4df2814bc9b4aeb84a92
2026-07-03 21:47:16,755 INFO httpx: HTTP Request: POST http://mcp_search:8000/messages/?session_id=a8a72492c4bf4df2814bc9b4aeb84a92 "HTTP/1.1 202 Accepted"
2026-07-03 21:47:16,757 INFO skill_runner: POST returned status 202
2026-07-03 21:47:17,708 INFO skill_runner: SSE call returning: parse_error=False, structured=True, content=0, is_error=False
2026-07-03 21:47:17,708 INFO skill_runner: SSE call returning structured result (server=mcp_search, tool=search_web, results_count=8)
2026-07-03 21:47:17,709 ERROR asyncio: Task was destroyed but it is pending!
task: <Task pending name='Task-115' coro=<<async_generator_athrow without __name__>()>>
2026-07-03 21:47:17,709 INFO skill.deep_research: Web search returned 8 results for: list files in /home/chuck/data/media latest developments
2026-07-03 21:47:17,709 INFO skill.deep_research: Search query 3/3: list files in /home/chuck/data/media analysis overview
2026-07-03 21:47:17,710 INFO skill_runner: SSE MCP call: server=mcp_search base_url=http://mcp_search:8000 tool=search_web
2026-07-03 21:47:17,738 INFO httpx: HTTP Request: GET http://mcp_search:8000/sse "HTTP/1.1 200 OK"
2026-07-03 21:47:17,740 INFO skill_runner: SSE endpoint obtained: /messages/?session_id=03da79e5a42c41359b68ba89e3ec6029
2026-07-03 21:47:17,740 INFO skill_runner: POSTing MCP initialize to http://mcp_search:8000/messages/?session_id=03da79e5a42c41359b68ba89e3ec6029
2026-07-03 21:47:17,748 INFO httpx: HTTP Request: POST http://mcp_search:8000/messages/?session_id=03da79e5a42c41359b68ba89e3ec6029 "HTTP/1.1 202 Accepted"
2026-07-03 21:47:17,751 INFO skill_runner: MCP initialized (server: mcp_search)
2026-07-03 21:47:17,755 INFO httpx: HTTP Request: POST http://mcp_search:8000/messages/?session_id=03da79e5a42c41359b68ba89e3ec6029 "HTTP/1.1 202 Accepted"
2026-07-03 21:47:17,756 INFO skill_runner: POSTing tools/call to http://mcp_search:8000/messages/?session_id=03da79e5a42c41359b68ba89e3ec6029
2026-07-03 21:47:17,760 INFO httpx: HTTP Request: POST http://mcp_search:8000/messages/?session_id=03da79e5a42c41359b68ba89e3ec6029 "HTTP/1.1 202 Accepted"
2026-07-03 21:47:17,762 INFO skill_runner: POST returned status 202
2026-07-03 21:47:18,723 INFO skill_runner: SSE call returning: parse_error=False, structured=True, content=0, is_error=False
2026-07-03 21:47:18,723 INFO skill_runner: SSE call returning structured result (server=mcp_search, tool=search_web, results_count=8)
2026-07-03 21:47:18,724 ERROR asyncio: Task was destroyed but it is pending!
task: <Task pending name='Task-121' coro=<<async_generator_athrow without __name__>()>>
2026-07-03 21:47:18,725 INFO skill.deep_research: Web search returned 8 results for: list files in /home/chuck/data/media analysis overview
2026-07-03 21:47:18,725 INFO skill_runner: SSE MCP call: server=mcp_knowledge base_url=http://mcp_knowledge:8000 tool=kb_search
2026-07-03 21:47:18,752 INFO httpx: HTTP Request: GET http://mcp_knowledge:8000/sse "HTTP/1.1 200 OK"
2026-07-03 21:47:18,753 INFO skill_runner: SSE endpoint obtained: /messages/?session_id=3d6a498293df4572a2ceb1e692278296
2026-07-03 21:47:18,756 INFO skill_runner: POSTing MCP initialize to http://mcp_knowledge:8000/messages/?session_id=3d6a498293df4572a2ceb1e692278296
2026-07-03 21:47:18,761 INFO httpx: HTTP Request: POST http://mcp_knowledge:8000/messages/?session_id=3d6a498293df4572a2ceb1e692278296 "HTTP/1.1 202 Accepted"
2026-07-03 21:47:18,762 INFO skill_runner: MCP initialized (server: mcp_knowledge)
2026-07-03 21:47:18,764 INFO httpx: HTTP Request: POST http://mcp_knowledge:8000/messages/?session_id=3d6a498293df4572a2ceb1e692278296 "HTTP/1.1 202 Accepted"
2026-07-03 21:47:18,765 INFO skill_runner: POSTing tools/call to http://mcp_knowledge:8000/messages/?session_id=3d6a498293df4572a2ceb1e692278296
2026-07-03 21:47:18,767 INFO httpx: HTTP Request: POST http://mcp_knowledge:8000/messages/?session_id=3d6a498293df4572a2ceb1e692278296 "HTTP/1.1 202 Accepted"
2026-07-03 21:47:18,769 INFO skill_runner: POST returned status 202
2026-07-03 21:47:18,809 INFO skill_runner: SSE call returning: parse_error=False, structured=False, content=1, is_error=True
2026-07-03 21:47:18,809 INFO skill_runner: SSE call returning content result (server=mcp_knowledge, tool=kb_search, items=1)
2026-07-03 21:47:18,810 ERROR asyncio: Task was destroyed but it is pending!
task: <Task pending name='Task-127' coro=<<async_generator_athrow without __name__>()>>
2026-07-03 21:47:18,811 INFO skill_runner: SSE MCP call: server=mcp_knowledge base_url=http://mcp_knowledge:8000 tool=kb_search
2026-07-03 21:47:18,840 INFO httpx: HTTP Request: GET http://mcp_knowledge:8000/sse "HTTP/1.1 200 OK"
2026-07-03 21:47:18,841 INFO skill_runner: SSE endpoint obtained: /messages/?session_id=52d96bb95da143b7a140b997871c63c2
2026-07-03 21:47:18,841 INFO skill_runner: POSTing MCP initialize to http://mcp_knowledge:8000/messages/?session_id=52d96bb95da143b7a140b997871c63c2
2026-07-03 21:47:18,849 INFO httpx: HTTP Request: POST http://mcp_knowledge:8000/messages/?session_id=52d96bb95da143b7a140b997871c63c2 "HTTP/1.1 202 Accepted"
2026-07-03 21:47:18,851 INFO skill_runner: MCP initialized (server: mcp_knowledge)
2026-07-03 21:47:18,855 INFO httpx: HTTP Request: POST http://mcp_knowledge:8000/messages/?session_id=52d96bb95da143b7a140b997871c63c2 "HTTP/1.1 202 Accepted"
2026-07-03 21:47:18,855 INFO skill_runner: POSTing tools/call to http://mcp_knowledge:8000/messages/?session_id=52d96bb95da143b7a140b997871c63c2
2026-07-03 21:47:18,858 INFO httpx: HTTP Request: POST http://mcp_knowledge:8000/messages/?session_id=52d96bb95da143b7a140b997871c63c2 "HTTP/1.1 202 Accepted"
2026-07-03 21:47:18,859 INFO skill_runner: POST returned status 202
2026-07-03 21:47:18,888 INFO skill_runner: SSE call returning: parse_error=False, structured=False, content=1, is_error=True
2026-07-03 21:47:18,888 INFO skill_runner: SSE call returning content result (server=mcp_knowledge, tool=kb_search, items=1)
2026-07-03 21:47:18,888 ERROR asyncio: Task was destroyed but it is pending!
task: <Task pending name='Task-133' coro=<<async_generator_athrow without __name__>()>>
2026-07-03 21:47:18,889 INFO skill.deep_research: Knowledge search returned 0 results
2026-07-03 21:47:18,889 INFO skill.deep_research: Collected 10 unique sources (max requested: 10)
2026-07-03 21:47:18,889 INFO skill_runner: Job 2e9750f9aeb9: Phase 2: Crawling top 3 sources via LiteLLM...
2026-07-03 21:47:18,890 INFO skill_runner: SSE MCP call: server=mcp_crawl base_url=http://mcp_crawl:8000 tool=crawl
2026-07-03 21:47:18,908 INFO httpx: HTTP Request: GET http://mcp_crawl:8000/sse "HTTP/1.1 200 OK"
2026-07-03 21:47:18,909 INFO skill_runner: SSE endpoint obtained: /messages/?session_id=75acda767e044310ab8c90b9e8c98d2c
2026-07-03 21:47:18,909 INFO skill_runner: POSTing MCP initialize to http://mcp_crawl:8000/messages/?session_id=75acda767e044310ab8c90b9e8c98d2c
2026-07-03 21:47:18,913 INFO httpx: HTTP Request: POST http://mcp_crawl:8000/messages/?session_id=75acda767e044310ab8c90b9e8c98d2c "HTTP/1.1 202 Accepted"
2026-07-03 21:47:18,915 INFO skill_runner: MCP initialized (server: mcp_crawl)
2026-07-03 21:47:18,917 INFO httpx: HTTP Request: POST http://mcp_crawl:8000/messages/?session_id=75acda767e044310ab8c90b9e8c98d2c "HTTP/1.1 202 Accepted"
2026-07-03 21:47:18,918 INFO skill_runner: POSTing tools/call to http://mcp_crawl:8000/messages/?session_id=75acda767e044310ab8c90b9e8c98d2c
2026-07-03 21:47:18,921 INFO httpx: HTTP Request: POST http://mcp_crawl:8000/messages/?session_id=75acda767e044310ab8c90b9e8c98d2c "HTTP/1.1 202 Accepted"
2026-07-03 21:47:18,922 INFO skill_runner: POST returned status 202
2026-07-03 21:47:18,923 INFO skill_runner: SSE call returning: parse_error=False, structured=False, content=1, is_error=True
2026-07-03 21:47:18,923 INFO skill_runner: SSE call returning content result (server=mcp_crawl, tool=crawl, items=1)
2026-07-03 21:47:18,924 ERROR asyncio: Task was destroyed but it is pending!
task: <Task pending name='Task-139' coro=<<async_generator_athrow without __name__>()>>
2026-07-03 21:47:18,924 INFO skill_runner: SSE MCP call: server=mcp_crawl base_url=http://mcp_crawl:8000 tool=crawl
2026-07-03 21:47:18,943 INFO httpx: HTTP Request: GET http://mcp_crawl:8000/sse "HTTP/1.1 200 OK"
2026-07-03 21:47:18,944 INFO skill_runner: SSE endpoint obtained: /messages/?session_id=d0f72fc307b64f40afe9911e254b308a
2026-07-03 21:47:18,945 INFO skill_runner: POSTing MCP initialize to http://mcp_crawl:8000/messages/?session_id=d0f72fc307b64f40afe9911e254b308a
2026-07-03 21:47:18,965 INFO httpx: HTTP Request: POST http://mcp_crawl:8000/messages/?session_id=d0f72fc307b64f40afe9911e254b308a "HTTP/1.1 202 Accepted"
2026-07-03 21:47:18,966 INFO skill_runner: MCP initialized (server: mcp_crawl)
2026-07-03 21:47:18,969 INFO httpx: HTTP Request: POST http://mcp_crawl:8000/messages/?session_id=d0f72fc307b64f40afe9911e254b308a "HTTP/1.1 202 Accepted"
2026-07-03 21:47:18,970 INFO skill_runner: POSTing tools/call to http://mcp_crawl:8000/messages/?session_id=d0f72fc307b64f40afe9911e254b308a
2026-07-03 21:47:18,973 INFO httpx: HTTP Request: POST http://mcp_crawl:8000/messages/?session_id=d0f72fc307b64f40afe9911e254b308a "HTTP/1.1 202 Accepted"
2026-07-03 21:47:18,974 INFO skill_runner: POST returned status 202
2026-07-03 21:47:18,976 INFO skill_runner: SSE call returning: parse_error=False, structured=False, content=1, is_error=True
2026-07-03 21:47:18,976 INFO skill_runner: SSE call returning content result (server=mcp_crawl, tool=crawl, items=1)
2026-07-03 21:47:18,976 ERROR asyncio: Task was destroyed but it is pending!
task: <Task pending name='Task-145' coro=<<async_generator_athrow without __name__>()>>
2026-07-03 21:47:18,977 INFO skill_runner: SSE MCP call: server=mcp_crawl base_url=http://mcp_crawl:8000 tool=crawl
2026-07-03 21:47:18,992 INFO httpx: HTTP Request: GET http://mcp_crawl:8000/sse "HTTP/1.1 200 OK"
2026-07-03 21:47:18,993 INFO skill_runner: SSE endpoint obtained: /messages/?session_id=ffd7468613ff43f4bbd31cca2bc3c636
2026-07-03 21:47:18,993 INFO skill_runner: POSTing MCP initialize to http://mcp_crawl:8000/messages/?session_id=ffd7468613ff43f4bbd31cca2bc3c636
2026-07-03 21:47:18,998 INFO httpx: HTTP Request: POST http://mcp_crawl:8000/messages/?session_id=ffd7468613ff43f4bbd31cca2bc3c636 "HTTP/1.1 202 Accepted"
2026-07-03 21:47:18,999 INFO skill_runner: MCP initialized (server: mcp_crawl)
2026-07-03 21:47:19,002 INFO httpx: HTTP Request: POST http://mcp_crawl:8000/messages/?session_id=ffd7468613ff43f4bbd31cca2bc3c636 "HTTP/1.1 202 Accepted"
2026-07-03 21:47:19,003 INFO skill_runner: POSTing tools/call to http://mcp_crawl:8000/messages/?session_id=ffd7468613ff43f4bbd31cca2bc3c636
2026-07-03 21:47:19,007 INFO httpx: HTTP Request: POST http://mcp_crawl:8000/messages/?session_id=ffd7468613ff43f4bbd31cca2bc3c636 "HTTP/1.1 202 Accepted"
2026-07-03 21:47:19,008 INFO skill_runner: POST returned status 202
2026-07-03 21:47:19,010 INFO skill_runner: SSE call returning: parse_error=False, structured=False, content=1, is_error=True
2026-07-03 21:47:19,010 INFO skill_runner: SSE call returning content result (server=mcp_crawl, tool=crawl, items=1)
2026-07-03 21:47:19,011 ERROR asyncio: Task was destroyed but it is pending!
task: <Task pending name='Task-151' coro=<<async_generator_athrow without __name__>()>>
2026-07-03 21:47:19,011 INFO skill_runner: Job 2e9750f9aeb9: Phase 3: Synthesizing report from 10 sources via LiteLLM...
2026-07-03 21:48:28,380 INFO httpx: HTTP Request: POST http://litellm-proxy:4000/v1/chat/completions "HTTP/1.1 200 OK"
2026-07-03 21:48:28,381 INFO skill_runner: Job 2e9750f9aeb9: Report generated (19099 chars)
2026-07-03 21:48:28,382 INFO skill.deep_research: Artifact written: /home/chuck/data/media/research_reports/deep_research_2026-07-04T02-48-28_list-files-in--home-chuck-data-media.md
2026-07-03 21:48:28,383 INFO skill_runner: Job 2e9750f9aeb9: Artifact saved: /home/chuck/data/media/research_reports/deep_research_2026-07-04T02-48-28_list-files-in--home-chuck-data-media.md
2026-07-03 21:48:28,383 INFO skill_runner: Job 2e9750f9aeb9: deep_research completed: 10 sources, 19099 chars
2026-07-03 21:48:28,383 INFO skill_runner: Job 2e9750f9aeb9: Skill.run() returned: ['summary', 'report', 'sources', 'artifact_path', 'model_alias', 'depth']
2026-07-03 21:48:28,384 INFO skill_runner: Job 2e9750f9aeb9: Skill summary: Here's a thinking process:
1.  **Analyze the Request:**
   - **Query:** "list files in /home/chuck/data/media"
   - **Sources:** 10 sources provided, all related to Windows CMD/PowerShell/Explorer com
2026-07-03 21:48:28,384 INFO skill_runner: Job 2e9750f9aeb9: Artifact path from skill: /home/chuck/data/media/research_reports/deep_research_2026-07-04T02-48-28_list-files-in--home-chuck-data-media.md
2026-07-03 21:48:28,384 INFO skill_runner: Job 2e9750f9aeb9: Merged result key 'report' into job params
2026-07-03 21:48:28,384 INFO skill_runner: Job 2e9750f9aeb9: Merged result key 'sources' into job params
2026-07-03 21:48:28,384 INFO skill_runner: Job 2e9750f9aeb9 completed successfully.
2026-07-03 21:48:28,385 INFO skill_runner: Job 2e9750f9aeb9 launched for skill 'deep_research'.
2026-07-03 21:48:28,387 INFO skill_runner: Job 5014338bdc78: Job created for skill 'siri_ask'
2026-07-03 21:48:28,388 INFO skill_runner: Job 5014338bdc78: Executing skill 'siri_ask'
2026-07-03 21:48:28,388 INFO skill_runner: Job 5014338bdc78: Skill module found at: /app/skills/siri_ask/skill.py
2026-07-03 21:48:28,389 INFO skill_runner: Job 5014338bdc78: LiteLLM client initialised: base_url=http://litellm-proxy:4000
2026-07-03 21:48:28,398 INFO skill_runner: Job 5014338bdc78: Skill module imported successfully
2026-07-03 21:48:28,398 INFO skill_runner: Job 5014338bdc78: Invoking skill.run()...
2026-07-03 21:48:28,398 INFO skill_runner: Job 5014338bdc78: Validation failed: missing query
2026-07-03 21:48:28,398 INFO skill_runner: Job 5014338bdc78: Skill.run() returned: ['error']
2026-07-03 21:48:28,399 INFO skill_runner: Job 5014338bdc78: Skill reported error: Missing required 'query' parameter
2026-07-03 21:48:28,399 INFO skill_runner: Job 5014338bdc78 failed: Missing required 'query' parameter
2026-07-03 21:48:28,399 INFO skill_runner: Job 5014338bdc78 launched for skill 'siri_ask'.
2026-07-03 21:48:28,401 INFO skill_runner: Job 8fa941b585ee: Job created for skill 'siri_ask'
2026-07-03 21:48:28,401 INFO skill_runner: Job 8fa941b585ee: Executing skill 'siri_ask'
2026-07-03 21:48:28,402 INFO skill_runner: Job 8fa941b585ee: Skill module found at: /app/skills/siri_ask/skill.py
2026-07-03 21:48:28,402 INFO skill_runner: Job 8fa941b585ee: LiteLLM client initialised: base_url=http://litellm-proxy:4000
2026-07-03 21:48:28,408 INFO skill_runner: Job 8fa941b585ee: Skill module imported successfully
2026-07-03 21:48:28,409 INFO skill_runner: Job 8fa941b585ee: Invoking skill.run()...
2026-07-03 21:48:28,409 INFO skill_runner: Job 8fa941b585ee: Validation failed: missing query
2026-07-03 21:48:28,409 INFO skill_runner: Job 8fa941b585ee: Skill.run() returned: ['error']
2026-07-03 21:48:28,409 INFO skill_runner: Job 8fa941b585ee: Skill reported error: Missing required 'query' parameter
2026-07-03 21:48:28,409 INFO skill_runner: Job 8fa941b585ee failed: Missing required 'query' parameter
2026-07-03 21:48:28,409 INFO skill_runner: Job 8fa941b585ee launched for skill 'siri_ask'.
2026-07-03 21:48:46,526 INFO skill_runner: Job 5fc3577e6aa9: Job created for skill 'siri_ask'
2026-07-03 21:48:46,526 INFO skill_runner: Job 5fc3577e6aa9: Executing skill 'siri_ask'
2026-07-03 21:48:46,526 INFO skill_runner: Job 5fc3577e6aa9: Skill module found at: /app/skills/siri_ask/skill.py
2026-07-03 21:48:46,526 INFO skill_runner: Job 5fc3577e6aa9: LiteLLM client initialised: base_url=http://litellm-proxy:4000
2026-07-03 21:48:46,531 INFO skill_runner: Job 5fc3577e6aa9: Skill module imported successfully
2026-07-03 21:48:46,531 INFO skill_runner: Job 5fc3577e6aa9: Invoking skill.run()...
2026-07-03 21:48:46,531 INFO skill_runner: Job 5fc3577e6aa9: Executing siri_ask: query='what time is it...'
2026-07-03 21:48:46,531 INFO skill_runner: Job 5fc3577e6aa9: Model alias: matrix-coder
2026-07-03 21:48:46,531 INFO skill_runner: Job 5fc3577e6aa9: Max runtime: 30s, max tokens: 500
2026-07-03 21:48:51,533 INFO skill_runner: Job 5fc3577e6aa9: Response generated (1215 chars)
2026-07-03 21:48:51,533 INFO skill_runner: Job 5fc3577e6aa9: Artifact logged: /home/chuck/data/media/siri_outputs/siri_output_2026-07-04T02-48-51_what-time-is-it.txt
2026-07-03 21:48:51,534 INFO skill_runner: Job 5fc3577e6aa9: Skill.run() returned: ['answer', 'artifact_path', 'model_alias']
2026-07-03 21:48:51,534 INFO skill_runner: Job 5fc3577e6aa9: Skill answer (used as summary): Here's a thinking process:

1.  **Analyze User Input:** The user asks "what time is it".
2.  **Identify Constraints:** 
   - I am an AI without real-time capabilities or access to the user's local tim
2026-07-03 21:48:51,534 INFO skill_runner: Job 5fc3577e6aa9: Artifact path from skill: /home/chuck/data/media/siri_outputs/siri_output_2026-07-04T02-48-51_what-time-is-it.txt
2026-07-03 21:48:51,534 INFO skill_runner: Job 5fc3577e6aa9: Merged result key 'answer' into job params
2026-07-03 21:48:51,535 INFO skill_runner: Job 5fc3577e6aa9 completed successfully.
2026-07-03 21:48:51,535 INFO skill_runner: Job 5fc3577e6aa9 launched for skill 'siri_ask'.
2026-07-03 21:50:39,863 INFO skill_runner: Job dd7821c32f8c: Job created for skill 'deep_research'
2026-07-03 21:50:39,864 INFO skill_runner: Job dd7821c32f8c: Executing skill 'deep_research'
2026-07-03 21:50:39,865 INFO skill_runner: Job dd7821c32f8c: Skill module found at: /app/skills/deep_research/skill.py
2026-07-03 21:50:39,865 INFO skill_runner: Job dd7821c32f8c: LiteLLM client initialised: base_url=http://litellm-proxy:4000
2026-07-03 21:50:39,883 INFO skill_runner: Job dd7821c32f8c: Skill module imported successfully
2026-07-03 21:50:39,884 INFO skill_runner: Job dd7821c32f8c: Passing sync client as 'litellm_client'
2026-07-03 21:50:39,884 INFO skill_runner: Job dd7821c32f8c: Invoking skill.run()...
2026-07-03 21:50:39,884 INFO skill_runner: Job dd7821c32f8c: Executing deep_research: query='what is LiteLLM...'
2026-07-03 21:50:39,884 INFO skill_runner: Job dd7821c32f8c: Depth: comprehensive, max_sources: 10
2026-07-03 21:50:39,884 INFO skill_runner: Job dd7821c32f8c: Model alias: matrix-coder
2026-07-03 21:50:39,884 INFO skill_runner: Job dd7821c32f8c: Max runtime: 900s
2026-07-03 21:50:39,884 INFO skill_runner: Job dd7821c32f8c: LiteLLM: http://litellm-proxy:4000
2026-07-03 21:50:39,884 INFO skill_runner: Job dd7821c32f8c: Phase 1: Collecting sources via LiteLLM...
2026-07-03 21:50:39,884 INFO skill.deep_research: Search query 1/3: what is LiteLLM
2026-07-03 21:50:39,886 INFO skill_runner: SSE MCP call: server=mcp_search base_url=http://mcp_search:8000 tool=search_web
2026-07-03 21:50:39,978 INFO httpx: HTTP Request: GET http://mcp_search:8000/sse "HTTP/1.1 200 OK"
2026-07-03 21:50:39,979 INFO skill_runner: SSE endpoint obtained: /messages/?session_id=34f977e3a954447cababfea105346946
2026-07-03 21:50:39,980 INFO skill_runner: POSTing MCP initialize to http://mcp_search:8000/messages/?session_id=34f977e3a954447cababfea105346946
2026-07-03 21:50:39,985 INFO httpx: HTTP Request: POST http://mcp_search:8000/messages/?session_id=34f977e3a954447cababfea105346946 "HTTP/1.1 202 Accepted"
2026-07-03 21:50:39,987 INFO skill_runner: MCP initialized (server: mcp_search)
2026-07-03 21:50:39,990 INFO httpx: HTTP Request: POST http://mcp_search:8000/messages/?session_id=34f977e3a954447cababfea105346946 "HTTP/1.1 202 Accepted"
2026-07-03 21:50:39,991 INFO skill_runner: POSTing tools/call to http://mcp_search:8000/messages/?session_id=34f977e3a954447cababfea105346946
2026-07-03 21:50:39,994 INFO httpx: HTTP Request: POST http://mcp_search:8000/messages/?session_id=34f977e3a954447cababfea105346946 "HTTP/1.1 202 Accepted"
2026-07-03 21:50:39,995 INFO skill_runner: POST returned status 202
2026-07-03 21:50:40,891 INFO skill_runner: MCP tool response: keys=['jsonrpc', 'id', 'result'] has_error=False has_result=True
2026-07-03 21:50:40,892 INFO skill_runner: SSE call returning: parse_error=False, structured=True, content=0, is_error=False
2026-07-03 21:50:40,893 INFO skill_runner: SSE call returning structured result (server=mcp_search, tool=search_web, results_count=8)
2026-07-03 21:50:40,893 ERROR asyncio: Task was destroyed but it is pending!
task: <Task pending name='Task-9' coro=<<async_generator_athrow without __name__>()>>
2026-07-03 21:50:40,894 INFO skill.deep_research: Web search returned 8 results for: what is LiteLLM
2026-07-03 21:50:40,894 INFO skill.deep_research: Search query 2/3: what is LiteLLM latest developments
2026-07-03 21:50:40,894 INFO skill_runner: SSE MCP call: server=mcp_search base_url=http://mcp_search:8000 tool=search_web
2026-07-03 21:50:40,918 INFO httpx: HTTP Request: GET http://mcp_search:8000/sse "HTTP/1.1 200 OK"
2026-07-03 21:50:40,918 INFO skill_runner: SSE endpoint obtained: /messages/?session_id=4048d8d0c5744e9d9e7f6c66245508b9
2026-07-03 21:50:40,918 INFO skill_runner: POSTing MCP initialize to http://mcp_search:8000/messages/?session_id=4048d8d0c5744e9d9e7f6c66245508b9
2026-07-03 21:50:40,926 INFO httpx: HTTP Request: POST http://mcp_search:8000/messages/?session_id=4048d8d0c5744e9d9e7f6c66245508b9 "HTTP/1.1 202 Accepted"
2026-07-03 21:50:40,927 INFO skill_runner: MCP initialized (server: mcp_search)
2026-07-03 21:50:40,931 INFO httpx: HTTP Request: POST http://mcp_search:8000/messages/?session_id=4048d8d0c5744e9d9e7f6c66245508b9 "HTTP/1.1 202 Accepted"
2026-07-03 21:50:40,932 INFO skill_runner: POSTing tools/call to http://mcp_search:8000/messages/?session_id=4048d8d0c5744e9d9e7f6c66245508b9
2026-07-03 21:50:40,936 INFO httpx: HTTP Request: POST http://mcp_search:8000/messages/?session_id=4048d8d0c5744e9d9e7f6c66245508b9 "HTTP/1.1 202 Accepted"
2026-07-03 21:50:40,937 INFO skill_runner: POST returned status 202
2026-07-03 21:50:41,376 INFO skill_runner: MCP tool response: keys=['jsonrpc', 'id', 'result'] has_error=False has_result=True
2026-07-03 21:50:41,379 INFO skill_runner: SSE call returning: parse_error=False, structured=True, content=0, is_error=False
2026-07-03 21:50:41,379 INFO skill_runner: SSE call returning structured result (server=mcp_search, tool=search_web, results_count=8)
2026-07-03 21:50:41,380 ERROR asyncio: Task was destroyed but it is pending!
task: <Task pending name='Task-15' coro=<<async_generator_athrow without __name__>()>>
2026-07-03 21:50:41,381 INFO skill.deep_research: Web search returned 8 results for: what is LiteLLM latest developments
2026-07-03 21:50:41,381 INFO skill.deep_research: Search query 3/3: what is LiteLLM analysis overview
2026-07-03 21:50:41,381 INFO skill_runner: SSE MCP call: server=mcp_search base_url=http://mcp_search:8000 tool=search_web
2026-07-03 21:50:41,401 INFO httpx: HTTP Request: GET http://mcp_search:8000/sse "HTTP/1.1 200 OK"
2026-07-03 21:50:41,402 INFO skill_runner: SSE endpoint obtained: /messages/?session_id=79ad0dcf43054d3a869ac4ed0d5083a7
2026-07-03 21:50:41,403 INFO skill_runner: POSTing MCP initialize to http://mcp_search:8000/messages/?session_id=79ad0dcf43054d3a869ac4ed0d5083a7
2026-07-03 21:50:41,409 INFO httpx: HTTP Request: POST http://mcp_search:8000/messages/?session_id=79ad0dcf43054d3a869ac4ed0d5083a7 "HTTP/1.1 202 Accepted"
2026-07-03 21:50:41,410 INFO skill_runner: MCP initialized (server: mcp_search)
2026-07-03 21:50:41,414 INFO httpx: HTTP Request: POST http://mcp_search:8000/messages/?session_id=79ad0dcf43054d3a869ac4ed0d5083a7 "HTTP/1.1 202 Accepted"
2026-07-03 21:50:41,415 INFO skill_runner: POSTing tools/call to http://mcp_search:8000/messages/?session_id=79ad0dcf43054d3a869ac4ed0d5083a7
2026-07-03 21:50:41,419 INFO httpx: HTTP Request: POST http://mcp_search:8000/messages/?session_id=79ad0dcf43054d3a869ac4ed0d5083a7 "HTTP/1.1 202 Accepted"
2026-07-03 21:50:41,421 INFO skill_runner: POST returned status 202
2026-07-03 21:50:41,783 INFO skill_runner: MCP tool response: keys=['jsonrpc', 'id', 'result'] has_error=False has_result=True
2026-07-03 21:50:41,786 INFO skill_runner: SSE call returning: parse_error=False, structured=True, content=0, is_error=False
2026-07-03 21:50:41,787 INFO skill_runner: SSE call returning structured result (server=mcp_search, tool=search_web, results_count=8)
2026-07-03 21:50:41,787 ERROR asyncio: Task was destroyed but it is pending!
task: <Task pending name='Task-21' coro=<<async_generator_athrow without __name__>()>>
2026-07-03 21:50:41,788 INFO skill.deep_research: Web search returned 8 results for: what is LiteLLM analysis overview
2026-07-03 21:50:41,788 INFO skill_runner: SSE MCP call: server=mcp_knowledge base_url=http://mcp_knowledge:8000 tool=kb_search
2026-07-03 21:50:41,823 INFO httpx: HTTP Request: GET http://mcp_knowledge:8000/sse "HTTP/1.1 200 OK"
2026-07-03 21:50:41,824 INFO skill_runner: SSE endpoint obtained: /messages/?session_id=2d06854955854a4db4ebdc65bfe96548
2026-07-03 21:50:41,824 INFO skill_runner: POSTing MCP initialize to http://mcp_knowledge:8000/messages/?session_id=2d06854955854a4db4ebdc65bfe96548
2026-07-03 21:50:41,830 INFO httpx: HTTP Request: POST http://mcp_knowledge:8000/messages/?session_id=2d06854955854a4db4ebdc65bfe96548 "HTTP/1.1 202 Accepted"
2026-07-03 21:50:41,831 INFO skill_runner: MCP initialized (server: mcp_knowledge)
2026-07-03 21:50:41,834 INFO httpx: HTTP Request: POST http://mcp_knowledge:8000/messages/?session_id=2d06854955854a4db4ebdc65bfe96548 "HTTP/1.1 202 Accepted"
2026-07-03 21:50:41,835 INFO skill_runner: POSTing tools/call to http://mcp_knowledge:8000/messages/?session_id=2d06854955854a4db4ebdc65bfe96548
2026-07-03 21:50:41,838 INFO httpx: HTTP Request: POST http://mcp_knowledge:8000/messages/?session_id=2d06854955854a4db4ebdc65bfe96548 "HTTP/1.1 202 Accepted"
2026-07-03 21:50:41,840 INFO skill_runner: POST returned status 202
2026-07-03 21:50:41,872 INFO skill_runner: MCP tool response: keys=['jsonrpc', 'id', 'result'] has_error=False has_result=True
2026-07-03 21:50:41,873 INFO skill_runner: SSE call returning: parse_error=False, structured=False, content=1, is_error=True
2026-07-03 21:50:41,874 INFO skill_runner: SSE call returning content result (server=mcp_knowledge, tool=kb_search, items=1)
2026-07-03 21:50:41,874 ERROR asyncio: Task was destroyed but it is pending!
task: <Task pending name='Task-27' coro=<<async_generator_athrow without __name__>()>>
2026-07-03 21:50:41,875 INFO skill_runner: SSE MCP call: server=mcp_knowledge base_url=http://mcp_knowledge:8000 tool=kb_search
2026-07-03 21:50:41,902 INFO httpx: HTTP Request: GET http://mcp_knowledge:8000/sse "HTTP/1.1 200 OK"
2026-07-03 21:50:41,903 INFO skill_runner: SSE endpoint obtained: /messages/?session_id=1955383b34dd4dcdad222e53c70ece3c
2026-07-03 21:50:41,903 INFO skill_runner: POSTing MCP initialize to http://mcp_knowledge:8000/messages/?session_id=1955383b34dd4dcdad222e53c70ece3c
2026-07-03 21:50:41,909 INFO httpx: HTTP Request: POST http://mcp_knowledge:8000/messages/?session_id=1955383b34dd4dcdad222e53c70ece3c "HTTP/1.1 202 Accepted"
2026-07-03 21:50:41,911 INFO skill_runner: MCP initialized (server: mcp_knowledge)
2026-07-03 21:50:41,913 INFO httpx: HTTP Request: POST http://mcp_knowledge:8000/messages/?session_id=1955383b34dd4dcdad222e53c70ece3c "HTTP/1.1 202 Accepted"
2026-07-03 21:50:41,914 INFO skill_runner: POSTing tools/call to http://mcp_knowledge:8000/messages/?session_id=1955383b34dd4dcdad222e53c70ece3c
2026-07-03 21:50:41,917 INFO httpx: HTTP Request: POST http://mcp_knowledge:8000/messages/?session_id=1955383b34dd4dcdad222e53c70ece3c "HTTP/1.1 202 Accepted"
2026-07-03 21:50:41,918 INFO skill_runner: POST returned status 202
2026-07-03 21:50:41,961 INFO skill_runner: MCP tool response: keys=['jsonrpc', 'id', 'result'] has_error=False has_result=True
2026-07-03 21:50:41,962 INFO skill_runner: SSE call returning: parse_error=False, structured=False, content=1, is_error=True
2026-07-03 21:50:41,962 INFO skill_runner: SSE call returning content result (server=mcp_knowledge, tool=kb_search, items=1)
2026-07-03 21:50:41,963 ERROR asyncio: Task was destroyed but it is pending!
task: <Task pending name='Task-33' coro=<<async_generator_athrow without __name__>()>>
2026-07-03 21:50:41,963 INFO skill.deep_research: Knowledge search returned 0 results
2026-07-03 21:50:41,963 INFO skill.deep_research: Collected 10 unique sources (max requested: 10)
2026-07-03 21:50:41,963 INFO skill_runner: Job dd7821c32f8c: Phase 2: Crawling top 3 sources via LiteLLM...
2026-07-03 21:50:41,964 INFO skill_runner: SSE MCP call: server=mcp_crawl base_url=http://mcp_crawl:8000 tool=crawl
2026-07-03 21:50:41,986 INFO httpx: HTTP Request: GET http://mcp_crawl:8000/sse "HTTP/1.1 200 OK"
2026-07-03 21:50:41,986 INFO skill_runner: SSE endpoint obtained: /messages/?session_id=4623039505bd4f1c97bed47f59b3ee1a
2026-07-03 21:50:41,987 INFO skill_runner: POSTing MCP initialize to http://mcp_crawl:8000/messages/?session_id=4623039505bd4f1c97bed47f59b3ee1a
2026-07-03 21:50:41,992 INFO httpx: HTTP Request: POST http://mcp_crawl:8000/messages/?session_id=4623039505bd4f1c97bed47f59b3ee1a "HTTP/1.1 202 Accepted"
2026-07-03 21:50:41,993 INFO skill_runner: MCP initialized (server: mcp_crawl)
2026-07-03 21:50:41,996 INFO httpx: HTTP Request: POST http://mcp_crawl:8000/messages/?session_id=4623039505bd4f1c97bed47f59b3ee1a "HTTP/1.1 202 Accepted"
2026-07-03 21:50:41,997 INFO skill_runner: POSTing tools/call to http://mcp_crawl:8000/messages/?session_id=4623039505bd4f1c97bed47f59b3ee1a
2026-07-03 21:50:42,000 INFO httpx: HTTP Request: POST http://mcp_crawl:8000/messages/?session_id=4623039505bd4f1c97bed47f59b3ee1a "HTTP/1.1 202 Accepted"
2026-07-03 21:50:42,001 INFO skill_runner: POST returned status 202
2026-07-03 21:50:42,002 INFO skill_runner: MCP tool response: keys=['jsonrpc', 'id', 'result'] has_error=False has_result=True
2026-07-03 21:50:42,003 INFO skill_runner: SSE call returning: parse_error=False, structured=False, content=1, is_error=True
2026-07-03 21:50:42,003 INFO skill_runner: SSE call returning content result (server=mcp_crawl, tool=crawl, items=1)
2026-07-03 21:50:42,004 ERROR asyncio: Task was destroyed but it is pending!
task: <Task pending name='Task-39' coro=<<async_generator_athrow without __name__>()>>
2026-07-03 21:50:42,004 INFO skill_runner: SSE MCP call: server=mcp_crawl base_url=http://mcp_crawl:8000 tool=crawl
2026-07-03 21:50:42,022 INFO httpx: HTTP Request: GET http://mcp_crawl:8000/sse "HTTP/1.1 200 OK"
2026-07-03 21:50:42,023 INFO skill_runner: SSE endpoint obtained: /messages/?session_id=d665e3d4ced248bcaa28b95c0d0a7a9a
2026-07-03 21:50:42,026 INFO skill_runner: POSTing MCP initialize to http://mcp_crawl:8000/messages/?session_id=d665e3d4ced248bcaa28b95c0d0a7a9a
2026-07-03 21:50:42,031 INFO httpx: HTTP Request: POST http://mcp_crawl:8000/messages/?session_id=d665e3d4ced248bcaa28b95c0d0a7a9a "HTTP/1.1 202 Accepted"
2026-07-03 21:50:42,033 INFO skill_runner: MCP initialized (server: mcp_crawl)
2026-07-03 21:50:42,037 INFO httpx: HTTP Request: POST http://mcp_crawl:8000/messages/?session_id=d665e3d4ced248bcaa28b95c0d0a7a9a "HTTP/1.1 202 Accepted"
2026-07-03 21:50:42,038 INFO skill_runner: POSTing tools/call to http://mcp_crawl:8000/messages/?session_id=d665e3d4ced248bcaa28b95c0d0a7a9a
2026-07-03 21:50:42,042 INFO httpx: HTTP Request: POST http://mcp_crawl:8000/messages/?session_id=d665e3d4ced248bcaa28b95c0d0a7a9a "HTTP/1.1 202 Accepted"
2026-07-03 21:50:42,043 INFO skill_runner: POST returned status 202
2026-07-03 21:50:42,043 INFO skill_runner: MCP tool response: keys=['jsonrpc', 'id', 'result'] has_error=False has_result=True
2026-07-03 21:50:42,045 INFO skill_runner: SSE call returning: parse_error=False, structured=False, content=1, is_error=True
2026-07-03 21:50:42,045 INFO skill_runner: SSE call returning content result (server=mcp_crawl, tool=crawl, items=1)
2026-07-03 21:50:42,046 ERROR asyncio: Task was destroyed but it is pending!
task: <Task pending name='Task-45' coro=<<async_generator_athrow without __name__>()>>
2026-07-03 21:50:42,046 INFO skill_runner: SSE MCP call: server=mcp_crawl base_url=http://mcp_crawl:8000 tool=crawl
2026-07-03 21:50:42,071 INFO httpx: HTTP Request: GET http://mcp_crawl:8000/sse "HTTP/1.1 200 OK"
2026-07-03 21:50:42,072 INFO skill_runner: SSE endpoint obtained: /messages/?session_id=249c3886b395438cb84d59f1d9bf6823
2026-07-03 21:50:42,073 INFO skill_runner: POSTing MCP initialize to http://mcp_crawl:8000/messages/?session_id=249c3886b395438cb84d59f1d9bf6823
2026-07-03 21:50:42,081 INFO httpx: HTTP Request: POST http://mcp_crawl:8000/messages/?session_id=249c3886b395438cb84d59f1d9bf6823 "HTTP/1.1 202 Accepted"
2026-07-03 21:50:42,082 INFO skill_runner: MCP initialized (server: mcp_crawl)
2026-07-03 21:50:42,085 INFO httpx: HTTP Request: POST http://mcp_crawl:8000/messages/?session_id=249c3886b395438cb84d59f1d9bf6823 "HTTP/1.1 202 Accepted"
2026-07-03 21:50:42,086 INFO skill_runner: POSTing tools/call to http://mcp_crawl:8000/messages/?session_id=249c3886b395438cb84d59f1d9bf6823
2026-07-03 21:50:42,088 INFO httpx: HTTP Request: POST http://mcp_crawl:8000/messages/?session_id=249c3886b395438cb84d59f1d9bf6823 "HTTP/1.1 202 Accepted"
2026-07-03 21:50:42,089 INFO skill_runner: POST returned status 202
2026-07-03 21:50:42,090 INFO skill_runner: MCP tool response: keys=['jsonrpc', 'id', 'result'] has_error=False has_result=True
2026-07-03 21:50:42,091 INFO skill_runner: SSE call returning: parse_error=False, structured=False, content=1, is_error=True
2026-07-03 21:50:42,091 INFO skill_runner: SSE call returning content result (server=mcp_crawl, tool=crawl, items=1)
2026-07-03 21:50:42,091 ERROR asyncio: Task was destroyed but it is pending!
task: <Task pending name='Task-51' coro=<<async_generator_athrow without __name__>()>>
2026-07-03 21:50:42,092 INFO skill_runner: Job dd7821c32f8c: Phase 3: Synthesizing report from 10 sources via LiteLLM...
2026-07-03 21:52:20,658 INFO httpx: HTTP Request: POST http://litellm-proxy:4000/v1/chat/completions "HTTP/1.1 200 OK"
2026-07-03 21:52:20,659 INFO skill_runner: Job dd7821c32f8c: Report generated (26481 chars)
2026-07-03 21:52:20,660 INFO skill.deep_research: Artifact written: /home/chuck/data/media/research_reports/deep_research_2026-07-04T02-52-20_what-is-LiteLLM.md
2026-07-03 21:52:20,660 INFO skill_runner: Job dd7821c32f8c: Artifact saved: /home/chuck/data/media/research_reports/deep_research_2026-07-04T02-52-20_what-is-LiteLLM.md
2026-07-03 21:52:20,660 INFO skill_runner: Job dd7821c32f8c: deep_research completed: 10 sources, 26481 chars
2026-07-03 21:52:20,660 INFO skill_runner: Job dd7821c32f8c: Skill.run() returned: ['summary', 'report', 'sources', 'artifact_path', 'model_alias', 'depth']
2026-07-03 21:52:20,661 INFO skill_runner: Job dd7821c32f8c: Skill summary: Here's a thinking process:
1.  **Analyze User Input:**
   - **Query:** "what is LiteLLM"
   - **Sources:** 10 sources provided with titles, URLs, types, and snippets.
   - **Requirements:**
     - Sum
2026-07-03 21:52:20,661 INFO skill_runner: Job dd7821c32f8c: Artifact path from skill: /home/chuck/data/media/research_reports/deep_research_2026-07-04T02-52-20_what-is-LiteLLM.md
2026-07-03 21:52:20,661 INFO skill_runner: Job dd7821c32f8c: Merged result key 'report' into job params
2026-07-03 21:52:20,661 INFO skill_runner: Job dd7821c32f8c: Merged result key 'sources' into job params
2026-07-03 21:52:20,661 INFO skill_runner: Job dd7821c32f8c completed successfully.
2026-07-03 21:52:20,661 INFO skill_runner: Job dd7821c32f8c launched for skill 'deep_research'.
2026-07-03 21:52:32,920 INFO skill_runner: Job 74794afc9598: Job created for skill 'deep_research'
2026-07-03 21:52:32,921 INFO skill_runner: Job 74794afc9598: Executing skill 'deep_research'
2026-07-03 21:52:32,921 INFO skill_runner: Job 74794afc9598: Skill module found at: /app/skills/deep_research/skill.py
2026-07-03 21:52:32,921 INFO skill_runner: Job 74794afc9598: LiteLLM client initialised: base_url=http://litellm-proxy:4000
2026-07-03 21:52:32,933 INFO skill_runner: Job 74794afc9598: Skill module imported successfully
2026-07-03 21:52:32,933 INFO skill_runner: Job 74794afc9598: Passing sync client as 'litellm_client'
2026-07-03 21:52:32,933 INFO skill_runner: Job 74794afc9598: Invoking skill.run()...
2026-07-03 21:52:32,933 INFO skill_runner: Job 74794afc9598: Executing deep_research: query='what is LiteLLM...'
2026-07-03 21:52:32,933 INFO skill_runner: Job 74794afc9598: Depth: comprehensive, max_sources: 10
2026-07-03 21:52:32,933 INFO skill_runner: Job 74794afc9598: Model alias: matrix-coder
2026-07-03 21:52:32,933 INFO skill_runner: Job 74794afc9598: Max runtime: 900s
2026-07-03 21:52:32,933 INFO skill_runner: Job 74794afc9598: LiteLLM: http://litellm-proxy:4000
2026-07-03 21:52:32,933 INFO skill_runner: Job 74794afc9598: Phase 1: Collecting sources via LiteLLM...
2026-07-03 21:52:32,934 INFO skill.deep_research: Search query 1/3: what is LiteLLM
2026-07-03 21:52:32,935 INFO skill_runner: SSE MCP call: server=mcp_search base_url=http://mcp_search:8000 tool=search_web
2026-07-03 21:52:33,020 INFO httpx: HTTP Request: GET http://mcp_search:8000/sse "HTTP/1.1 200 OK"
2026-07-03 21:52:33,021 INFO skill_runner: SSE endpoint obtained: /messages/?session_id=828ddf70f18045089fb1fb1bc03a14a9
2026-07-03 21:52:33,021 INFO skill_runner: POSTing MCP initialize to http://mcp_search:8000/messages/?session_id=828ddf70f18045089fb1fb1bc03a14a9
2026-07-03 21:52:33,027 INFO httpx: HTTP Request: POST http://mcp_search:8000/messages/?session_id=828ddf70f18045089fb1fb1bc03a14a9 "HTTP/1.1 202 Accepted"
2026-07-03 21:52:33,029 INFO skill_runner: MCP initialized (server: mcp_search)
2026-07-03 21:52:33,032 INFO httpx: HTTP Request: POST http://mcp_search:8000/messages/?session_id=828ddf70f18045089fb1fb1bc03a14a9 "HTTP/1.1 202 Accepted"
2026-07-03 21:52:33,034 INFO skill_runner: POSTing tools/call to http://mcp_search:8000/messages/?session_id=828ddf70f18045089fb1fb1bc03a14a9
2026-07-03 21:52:33,037 INFO httpx: HTTP Request: POST http://mcp_search:8000/messages/?session_id=828ddf70f18045089fb1fb1bc03a14a9 "HTTP/1.1 202 Accepted"
2026-07-03 21:52:33,038 INFO skill_runner: POST returned status 202
2026-07-03 21:52:33,591 INFO skill_runner: MCP tool response: keys=['jsonrpc', 'id', 'result'] has_error=False has_result=True
2026-07-03 21:52:33,593 INFO skill_runner: SSE call returning: parse_error=False, structured=True, content=0, is_error=False
2026-07-03 21:52:33,593 INFO skill_runner: SSE call returning structured result (server=mcp_search, tool=search_web, results_count=8)
2026-07-03 21:52:33,594 ERROR asyncio: Task was destroyed but it is pending!
task: <Task pending name='Task-9' coro=<<async_generator_athrow without __name__>()>>
2026-07-03 21:52:33,594 INFO skill.deep_research: Web search returned 8 results for: what is LiteLLM
2026-07-03 21:52:33,594 INFO skill.deep_research: Search query 2/3: what is LiteLLM latest developments
2026-07-03 21:52:33,595 INFO skill_runner: SSE MCP call: server=mcp_search base_url=http://mcp_search:8000 tool=search_web
2026-07-03 21:52:33,617 INFO httpx: HTTP Request: GET http://mcp_search:8000/sse "HTTP/1.1 200 OK"
2026-07-03 21:52:33,618 INFO skill_runner: SSE endpoint obtained: /messages/?session_id=2c563d467cda437bba403df5802548c2
2026-07-03 21:52:33,618 INFO skill_runner: POSTing MCP initialize to http://mcp_search:8000/messages/?session_id=2c563d467cda437bba403df5802548c2
2026-07-03 21:52:33,627 INFO httpx: HTTP Request: POST http://mcp_search:8000/messages/?session_id=2c563d467cda437bba403df5802548c2 "HTTP/1.1 202 Accepted"
2026-07-03 21:52:33,628 INFO skill_runner: MCP initialized (server: mcp_search)
2026-07-03 21:52:33,632 INFO httpx: HTTP Request: POST http://mcp_search:8000/messages/?session_id=2c563d467cda437bba403df5802548c2 "HTTP/1.1 202 Accepted"
2026-07-03 21:52:33,633 INFO skill_runner: POSTing tools/call to http://mcp_search:8000/messages/?session_id=2c563d467cda437bba403df5802548c2
2026-07-03 21:52:33,637 INFO httpx: HTTP Request: POST http://mcp_search:8000/messages/?session_id=2c563d467cda437bba403df5802548c2 "HTTP/1.1 202 Accepted"
2026-07-03 21:52:33,638 INFO skill_runner: POST returned status 202
2026-07-03 21:52:34,434 INFO skill_runner: MCP tool response: keys=['jsonrpc', 'id', 'result'] has_error=False has_result=True
2026-07-03 21:52:34,436 INFO skill_runner: SSE call returning: parse_error=False, structured=True, content=0, is_error=False
2026-07-03 21:52:34,436 INFO skill_runner: SSE call returning structured result (server=mcp_search, tool=search_web, results_count=8)
2026-07-03 21:52:34,437 ERROR asyncio: Task was destroyed but it is pending!
task: <Task pending name='Task-15' coro=<<async_generator_athrow without __name__>()>>
2026-07-03 21:52:34,437 INFO skill.deep_research: Web search returned 8 results for: what is LiteLLM latest developments
2026-07-03 21:52:34,437 INFO skill.deep_research: Search query 3/3: what is LiteLLM analysis overview
2026-07-03 21:52:34,438 INFO skill_runner: SSE MCP call: server=mcp_search base_url=http://mcp_search:8000 tool=search_web
2026-07-03 21:52:34,464 INFO httpx: HTTP Request: GET http://mcp_search:8000/sse "HTTP/1.1 200 OK"
2026-07-03 21:52:34,465 INFO skill_runner: SSE endpoint obtained: /messages/?session_id=16cfb7c2dc334a928faec9dbd943d712
2026-07-03 21:52:34,465 INFO skill_runner: POSTing MCP initialize to http://mcp_search:8000/messages/?session_id=16cfb7c2dc334a928faec9dbd943d712
2026-07-03 21:52:34,471 INFO httpx: HTTP Request: POST http://mcp_search:8000/messages/?session_id=16cfb7c2dc334a928faec9dbd943d712 "HTTP/1.1 202 Accepted"
2026-07-03 21:52:34,474 INFO skill_runner: MCP initialized (server: mcp_search)
2026-07-03 21:52:34,477 INFO httpx: HTTP Request: POST http://mcp_search:8000/messages/?session_id=16cfb7c2dc334a928faec9dbd943d712 "HTTP/1.1 202 Accepted"
2026-07-03 21:52:34,478 INFO skill_runner: POSTing tools/call to http://mcp_search:8000/messages/?session_id=16cfb7c2dc334a928faec9dbd943d712
2026-07-03 21:52:34,482 INFO httpx: HTTP Request: POST http://mcp_search:8000/messages/?session_id=16cfb7c2dc334a928faec9dbd943d712 "HTTP/1.1 202 Accepted"
2026-07-03 21:52:34,483 INFO skill_runner: POST returned status 202
2026-07-03 21:52:34,822 INFO skill_runner: MCP tool response: keys=['jsonrpc', 'id', 'result'] has_error=False has_result=True
2026-07-03 21:52:34,824 INFO skill_runner: SSE call returning: parse_error=False, structured=True, content=0, is_error=False
2026-07-03 21:52:34,824 INFO skill_runner: SSE call returning structured result (server=mcp_search, tool=search_web, results_count=8)
2026-07-03 21:52:34,825 ERROR asyncio: Task was destroyed but it is pending!
task: <Task pending name='Task-21' coro=<<async_generator_athrow without __name__>()>>
2026-07-03 21:52:34,825 INFO skill.deep_research: Web search returned 8 results for: what is LiteLLM analysis overview
2026-07-03 21:52:34,826 INFO skill_runner: SSE MCP call: server=mcp_knowledge base_url=http://mcp_knowledge:8000 tool=kb_search
2026-07-03 21:52:34,857 INFO httpx: HTTP Request: GET http://mcp_knowledge:8000/sse "HTTP/1.1 200 OK"
2026-07-03 21:52:34,858 INFO skill_runner: SSE endpoint obtained: /messages/?session_id=778128aa77894f80b8b47892b9736a4c
2026-07-03 21:52:34,858 INFO skill_runner: POSTing MCP initialize to http://mcp_knowledge:8000/messages/?session_id=778128aa77894f80b8b47892b9736a4c
2026-07-03 21:52:34,865 INFO httpx: HTTP Request: POST http://mcp_knowledge:8000/messages/?session_id=778128aa77894f80b8b47892b9736a4c "HTTP/1.1 202 Accepted"
2026-07-03 21:52:34,867 INFO skill_runner: MCP initialized (server: mcp_knowledge)
2026-07-03 21:52:34,872 INFO httpx: HTTP Request: POST http://mcp_knowledge:8000/messages/?session_id=778128aa77894f80b8b47892b9736a4c "HTTP/1.1 202 Accepted"
2026-07-03 21:52:34,874 INFO skill_runner: POSTing tools/call to http://mcp_knowledge:8000/messages/?session_id=778128aa77894f80b8b47892b9736a4c
2026-07-03 21:52:34,877 INFO httpx: HTTP Request: POST http://mcp_knowledge:8000/messages/?session_id=778128aa77894f80b8b47892b9736a4c "HTTP/1.1 202 Accepted"
2026-07-03 21:52:34,879 INFO skill_runner: POST returned status 202
2026-07-03 21:52:34,929 INFO skill_runner: MCP tool response: keys=['jsonrpc', 'id', 'result'] has_error=False has_result=True
2026-07-03 21:52:34,931 INFO skill_runner: SSE call returning: parse_error=False, structured=False, content=1, is_error=False
2026-07-03 21:52:34,931 INFO skill_runner: SSE call returning content result (server=mcp_knowledge, tool=kb_search, items=1)
2026-07-03 21:52:34,931 ERROR asyncio: Task was destroyed but it is pending!
task: <Task pending name='Task-27' coro=<<async_generator_athrow without __name__>()>>
2026-07-03 21:52:34,932 INFO skill_runner: SSE MCP call: server=mcp_knowledge base_url=http://mcp_knowledge:8000 tool=kb_search
2026-07-03 21:52:34,950 INFO httpx: HTTP Request: GET http://mcp_knowledge:8000/sse "HTTP/1.1 200 OK"
2026-07-03 21:52:34,951 INFO skill_runner: SSE endpoint obtained: /messages/?session_id=f24955a6a7144d09b65a1acf866b6dd5
2026-07-03 21:52:34,951 INFO skill_runner: POSTing MCP initialize to http://mcp_knowledge:8000/messages/?session_id=f24955a6a7144d09b65a1acf866b6dd5
2026-07-03 21:52:34,956 INFO httpx: HTTP Request: POST http://mcp_knowledge:8000/messages/?session_id=f24955a6a7144d09b65a1acf866b6dd5 "HTTP/1.1 202 Accepted"
2026-07-03 21:52:34,958 INFO skill_runner: MCP initialized (server: mcp_knowledge)
2026-07-03 21:52:34,962 INFO httpx: HTTP Request: POST http://mcp_knowledge:8000/messages/?session_id=f24955a6a7144d09b65a1acf866b6dd5 "HTTP/1.1 202 Accepted"
2026-07-03 21:52:34,963 INFO skill_runner: POSTing tools/call to http://mcp_knowledge:8000/messages/?session_id=f24955a6a7144d09b65a1acf866b6dd5
2026-07-03 21:52:34,967 INFO httpx: HTTP Request: POST http://mcp_knowledge:8000/messages/?session_id=f24955a6a7144d09b65a1acf866b6dd5 "HTTP/1.1 202 Accepted"
2026-07-03 21:52:34,968 INFO skill_runner: POST returned status 202
2026-07-03 21:52:35,007 INFO skill_runner: MCP tool response: keys=['jsonrpc', 'id', 'result'] has_error=False has_result=True
2026-07-03 21:52:35,010 INFO skill_runner: SSE call returning: parse_error=False, structured=False, content=1, is_error=False
2026-07-03 21:52:35,010 INFO skill_runner: SSE call returning content result (server=mcp_knowledge, tool=kb_search, items=1)
2026-07-03 21:52:35,011 ERROR asyncio: Task was destroyed but it is pending!
task: <Task pending name='Task-33' coro=<<async_generator_athrow without __name__>()>>
2026-07-03 21:52:35,011 INFO skill.deep_research: Knowledge search returned 0 results
2026-07-03 21:52:35,011 INFO skill.deep_research: Collected 10 unique sources (max requested: 10)
2026-07-03 21:52:35,011 INFO skill_runner: Job 74794afc9598: Phase 2: Crawling top 3 sources via LiteLLM...
2026-07-03 21:52:35,012 INFO skill_runner: SSE MCP call: server=mcp_crawl base_url=http://mcp_crawl:8000 tool=crawl
2026-07-03 21:52:35,045 INFO httpx: HTTP Request: GET http://mcp_crawl:8000/sse "HTTP/1.1 200 OK"
2026-07-03 21:52:35,045 INFO skill_runner: SSE endpoint obtained: /messages/?session_id=1ca945185e30468db698a78a23ade119
2026-07-03 21:52:35,046 INFO skill_runner: POSTing MCP initialize to http://mcp_crawl:8000/messages/?session_id=1ca945185e30468db698a78a23ade119
2026-07-03 21:52:35,051 INFO httpx: HTTP Request: POST http://mcp_crawl:8000/messages/?session_id=1ca945185e30468db698a78a23ade119 "HTTP/1.1 202 Accepted"
2026-07-03 21:52:35,052 INFO skill_runner: MCP initialized (server: mcp_crawl)
2026-07-03 21:52:35,054 INFO httpx: HTTP Request: POST http://mcp_crawl:8000/messages/?session_id=1ca945185e30468db698a78a23ade119 "HTTP/1.1 202 Accepted"
2026-07-03 21:52:35,055 INFO skill_runner: POSTing tools/call to http://mcp_crawl:8000/messages/?session_id=1ca945185e30468db698a78a23ade119
2026-07-03 21:52:35,058 INFO httpx: HTTP Request: POST http://mcp_crawl:8000/messages/?session_id=1ca945185e30468db698a78a23ade119 "HTTP/1.1 202 Accepted"
2026-07-03 21:52:35,059 INFO skill_runner: POST returned status 202
2026-07-03 21:52:35,059 INFO skill_runner: MCP tool response: keys=['jsonrpc', 'id', 'result'] has_error=False has_result=True
2026-07-03 21:52:35,060 INFO skill_runner: SSE call returning: parse_error=False, structured=False, content=1, is_error=False
2026-07-03 21:52:35,060 INFO skill_runner: SSE call returning content result (server=mcp_crawl, tool=crawl, items=1)
2026-07-03 21:52:35,060 ERROR asyncio: Task was destroyed but it is pending!
task: <Task pending name='Task-39' coro=<<async_generator_athrow without __name__>()>>
2026-07-03 21:52:35,061 INFO skill_runner: SSE MCP call: server=mcp_crawl base_url=http://mcp_crawl:8000 tool=crawl
2026-07-03 21:52:35,077 INFO httpx: HTTP Request: GET http://mcp_crawl:8000/sse "HTTP/1.1 200 OK"
2026-07-03 21:52:35,078 INFO skill_runner: SSE endpoint obtained: /messages/?session_id=dbd9a4e12a574be7b9db49dbad0f989f
2026-07-03 21:52:35,080 INFO skill_runner: POSTing MCP initialize to http://mcp_crawl:8000/messages/?session_id=dbd9a4e12a574be7b9db49dbad0f989f
2026-07-03 21:52:35,086 INFO httpx: HTTP Request: POST http://mcp_crawl:8000/messages/?session_id=dbd9a4e12a574be7b9db49dbad0f989f "HTTP/1.1 202 Accepted"
2026-07-03 21:52:35,088 INFO skill_runner: MCP initialized (server: mcp_crawl)
2026-07-03 21:52:35,091 INFO httpx: HTTP Request: POST http://mcp_crawl:8000/messages/?session_id=dbd9a4e12a574be7b9db49dbad0f989f "HTTP/1.1 202 Accepted"
2026-07-03 21:52:35,092 INFO skill_runner: POSTing tools/call to http://mcp_crawl:8000/messages/?session_id=dbd9a4e12a574be7b9db49dbad0f989f
2026-07-03 21:52:35,095 INFO httpx: HTTP Request: POST http://mcp_crawl:8000/messages/?session_id=dbd9a4e12a574be7b9db49dbad0f989f "HTTP/1.1 202 Accepted"
2026-07-03 21:52:35,096 INFO skill_runner: POST returned status 202
2026-07-03 21:52:35,097 INFO skill_runner: MCP tool response: keys=['jsonrpc', 'id', 'result'] has_error=False has_result=True
2026-07-03 21:52:35,099 INFO skill_runner: SSE call returning: parse_error=False, structured=False, content=1, is_error=False
2026-07-03 21:52:35,099 INFO skill_runner: SSE call returning content result (server=mcp_crawl, tool=crawl, items=1)
2026-07-03 21:52:35,099 ERROR asyncio: Task was destroyed but it is pending!
task: <Task pending name='Task-45' coro=<<async_generator_athrow without __name__>()>>
2026-07-03 21:52:35,100 INFO skill_runner: SSE MCP call: server=mcp_crawl base_url=http://mcp_crawl:8000 tool=crawl
2026-07-03 21:52:35,120 INFO httpx: HTTP Request: GET http://mcp_crawl:8000/sse "HTTP/1.1 200 OK"
2026-07-03 21:52:35,120 INFO skill_runner: SSE endpoint obtained: /messages/?session_id=17932b1c0aa54241a9b0e82b2b48b610
2026-07-03 21:52:35,121 INFO skill_runner: POSTing MCP initialize to http://mcp_crawl:8000/messages/?session_id=17932b1c0aa54241a9b0e82b2b48b610
2026-07-03 21:52:35,125 INFO httpx: HTTP Request: POST http://mcp_crawl:8000/messages/?session_id=17932b1c0aa54241a9b0e82b2b48b610 "HTTP/1.1 202 Accepted"
2026-07-03 21:52:35,127 INFO skill_runner: MCP initialized (server: mcp_crawl)
2026-07-03 21:52:35,129 INFO httpx: HTTP Request: POST http://mcp_crawl:8000/messages/?session_id=17932b1c0aa54241a9b0e82b2b48b610 "HTTP/1.1 202 Accepted"
2026-07-03 21:52:35,130 INFO skill_runner: POSTing tools/call to http://mcp_crawl:8000/messages/?session_id=17932b1c0aa54241a9b0e82b2b48b610
2026-07-03 21:52:35,132 INFO httpx: HTTP Request: POST http://mcp_crawl:8000/messages/?session_id=17932b1c0aa54241a9b0e82b2b48b610 "HTTP/1.1 202 Accepted"
2026-07-03 21:52:35,133 INFO skill_runner: POST returned status 202
2026-07-03 21:52:35,134 INFO skill_runner: MCP tool response: keys=['jsonrpc', 'id', 'result'] has_error=False has_result=True
2026-07-03 21:52:35,135 INFO skill_runner: SSE call returning: parse_error=False, structured=False, content=1, is_error=False
2026-07-03 21:52:35,135 INFO skill_runner: SSE call returning content result (server=mcp_crawl, tool=crawl, items=1)
2026-07-03 21:52:35,135 ERROR asyncio: Task was destroyed but it is pending!
task: <Task pending name='Task-51' coro=<<async_generator_athrow without __name__>()>>
2026-07-03 21:52:35,136 INFO skill_runner: Job 74794afc9598: Phase 3: Synthesizing report from 10 sources via LiteLLM...
2026-07-03 21:53:58,633 INFO httpx: HTTP Request: POST http://litellm-proxy:4000/v1/chat/completions "HTTP/1.1 200 OK"
2026-07-03 21:53:58,634 INFO skill_runner: Job 74794afc9598: Report generated (24183 chars)
2026-07-03 21:53:58,635 INFO skill.deep_research: Artifact written: /home/chuck/data/media/research_reports/deep_research_2026-07-04T02-53-58_what-is-LiteLLM.md
2026-07-03 21:53:58,636 INFO skill_runner: Job 74794afc9598: Artifact saved: /home/chuck/data/media/research_reports/deep_research_2026-07-04T02-53-58_what-is-LiteLLM.md
2026-07-03 21:53:58,636 INFO skill_runner: Job 74794afc9598: deep_research completed: 10 sources, 24183 chars
2026-07-03 21:53:58,636 INFO skill_runner: Job 74794afc9598: Skill.run() returned: ['summary', 'report', 'sources', 'artifact_path', 'model_alias', 'depth']
2026-07-03 21:53:58,637 INFO skill_runner: Job 74794afc9598: Skill summary: The user wants a research report on "what is LiteLLM" based on the provided sources.
I need to follow the structure:
1. Summary (2-3 paragraphs)
2. Key Findings (3-5 bullet points)
3. Full Report (det
2026-07-03 21:53:58,637 INFO skill_runner: Job 74794afc9598: Artifact path from skill: /home/chuck/data/media/research_reports/deep_research_2026-07-04T02-53-58_what-is-LiteLLM.md
2026-07-03 21:53:58,637 INFO skill_runner: Job 74794afc9598: Merged result key 'sources' into job params
2026-07-03 21:53:58,637 INFO skill_runner: Job 74794afc9598: Merged result key 'report' into job params
2026-07-03 21:53:58,637 INFO skill_runner: Job 74794afc9598 completed successfully.
2026-07-03 21:53:58,638 INFO skill_runner: Job 74794afc9598 launched for skill 'deep_research'.
2026-07-05 15:15:18,363 INFO skill_runner: Chat request: intent=chat text=hello model=matrix-coder
2026-07-05 15:15:19,248 INFO httpx: HTTP Request: POST http://litellm-proxy:4000/v1/chat/completions "HTTP/1.1 200 OK"
2026-07-05 15:15:22,268 INFO skill_runner: Chat request: intent=chat text=search for thor homelab setup model=matrix-coder
2026-07-05 15:15:23,203 INFO httpx: HTTP Request: POST http://litellm-proxy:4000/v1/chat/completions "HTTP/1.1 200 OK"
2026-07-05 15:15:23,205 INFO skill_runner: Streamable HTTP MCP call: server=mcp_search base_url=http://mcp_search:8000 tool=search_web
2026-07-05 15:15:23,229 INFO httpx: HTTP Request: POST http://mcp_search:8000/mcp "HTTP/1.1 406 Not Acceptable"
2026-07-05 15:15:23,231 INFO skill.siri_chat: Tool round 1 complete (1 tool calls executed)
2026-07-05 15:17:05,497 INFO skill_runner: Chat request: intent=chat text=search for thor homelab setup model=matrix-coder
2026-07-05 15:17:09,445 INFO httpx: HTTP Request: POST http://litellm-proxy:4000/v1/chat/completions "HTTP/1.1 200 OK"
2026-07-05 15:17:09,447 INFO skill_runner: Streamable HTTP MCP call: server=mcp_search base_url=http://mcp_search:8000 tool=search_web
2026-07-05 15:17:09,481 INFO httpx: HTTP Request: POST http://mcp_search:8000/mcp "HTTP/1.1 406 Not Acceptable"
2026-07-05 15:17:09,482 INFO skill_runner: Streamable HTTP MCP call: server=mcp_knowledge base_url=http://mcp_knowledge:8000 tool=family_kb_search
2026-07-05 15:17:09,501 INFO httpx: HTTP Request: POST http://mcp_knowledge:8000/mcp "HTTP/1.1 406 Not Acceptable"
2026-07-05 15:17:11,825 INFO httpx: HTTP Request: POST http://litellm-proxy:4000/v1/chat/completions "HTTP/1.1 200 OK"
2026-07-05 15:17:11,827 INFO skill_runner: Streamable HTTP MCP call: server=mcp_homelab_status base_url=http://mcp_homelab_status:8000 tool=docker_status
2026-07-05 15:17:11,861 INFO httpx: HTTP Request: POST http://mcp_homelab_status:8000/mcp "HTTP/1.1 406 Not Acceptable"
2026-07-05 15:17:13,320 INFO httpx: HTTP Request: POST http://litellm-proxy:4000/v1/chat/completions "HTTP/1.1 200 OK"
2026-07-05 15:17:58,793 INFO skill_runner: Chat request: intent=chat text=search for thor homelab setup model=matrix-coder
2026-07-05 15:18:01,594 INFO httpx: HTTP Request: POST http://litellm-proxy:4000/v1/chat/completions "HTTP/1.1 200 OK"
2026-07-05 15:18:01,596 INFO skill_runner: Streamable HTTP MCP call: server=mcp_search base_url=http://mcp_search:8000 tool=search_web
2026-07-05 15:18:01,630 INFO httpx: HTTP Request: POST http://mcp_search:8000/mcp "HTTP/1.1 200 OK"
2026-07-05 15:18:02,880 INFO httpx: HTTP Request: POST http://litellm-proxy:4000/v1/chat/completions "HTTP/1.1 200 OK"
2026-07-05 15:18:02,882 INFO skill_runner: Streamable HTTP MCP call: server=mcp_search base_url=http://mcp_search:8000 tool=search_web
2026-07-05 15:18:02,917 INFO httpx: HTTP Request: POST http://mcp_search:8000/mcp "HTTP/1.1 200 OK"
2026-07-05 15:18:05,052 INFO httpx: HTTP Request: POST http://litellm-proxy:4000/v1/chat/completions "HTTP/1.1 200 OK"
2026-07-05 15:18:05,053 INFO skill_runner: Streamable HTTP MCP call: server=mcp_knowledge base_url=http://mcp_knowledge:8000 tool=family_kb_search
2026-07-05 15:18:05,085 INFO httpx: HTTP Request: POST http://mcp_knowledge:8000/mcp "HTTP/1.1 200 OK"
2026-07-05 15:18:59,060 INFO skill_runner: Chat request: intent=chat text=search for thor homelab setup model=matrix-coder
2026-07-05 15:19:00,584 INFO httpx: HTTP Request: POST http://litellm-proxy:4000/v1/chat/completions "HTTP/1.1 200 OK"
2026-07-05 15:19:00,586 INFO skill_runner: Streamable HTTP MCP call: server=mcp_search base_url=http://mcp_search:8000 tool=search_web
2026-07-05 15:19:00,619 INFO httpx: HTTP Request: POST http://mcp_search:8000/mcp "HTTP/1.1 200 OK"
2026-07-05 15:19:03,531 INFO httpx: HTTP Request: POST http://litellm-proxy:4000/v1/chat/completions "HTTP/1.1 200 OK"
2026-07-05 15:19:03,533 INFO skill_runner: Streamable HTTP MCP call: server=mcp_search base_url=http://mcp_search:8000 tool=search_web
2026-07-05 15:19:03,563 INFO httpx: HTTP Request: POST http://mcp_search:8000/mcp "HTTP/1.1 200 OK"
2026-07-05 15:19:05,666 INFO httpx: HTTP Request: POST http://litellm-proxy:4000/v1/chat/completions "HTTP/1.1 200 OK"
2026-07-05 15:19:05,668 INFO skill_runner: Streamable HTTP MCP call: server=mcp_knowledge base_url=http://mcp_knowledge:8000 tool=family_kb_search
2026-07-05 15:19:05,699 INFO httpx: HTTP Request: POST http://mcp_knowledge:8000/mcp "HTTP/1.1 200 OK"
2026-07-05 15:20:32,855 INFO skill_runner: Chat request: intent=chat text=search for thor homelab setup model=matrix-coder
2026-07-05 15:20:33,786 INFO httpx: HTTP Request: POST http://litellm-proxy:4000/v1/chat/completions "HTTP/1.1 200 OK"
2026-07-05 15:20:33,787 INFO skill_runner: Streamable HTTP MCP call: server=mcp_search base_url=http://mcp_search:8000 tool=search_web
2026-07-05 15:20:33,808 INFO httpx: HTTP Request: POST http://mcp_search:8000/mcp "HTTP/1.1 200 OK"
2026-07-05 15:20:33,949 INFO httpx: HTTP Request: POST http://litellm-proxy:4000/v1/chat/completions "HTTP/1.1 400 Bad Request"
2026-07-05 15:20:33,950 ERROR skill_runner: Chat error: Client error '400 Bad Request' for url 'http://litellm-proxy:4000/v1/chat/completions'
For more information check: https://developer.mozilla.org/en-US/docs/Web/HTTP/Status/400
2026-07-05 15:21:21,414 INFO skill_runner: Chat request: intent=chat text=search for thor homelab setup model=matrix-coder
2026-07-05 15:21:22,848 INFO httpx: HTTP Request: POST http://litellm-proxy:4000/v1/chat/completions "HTTP/1.1 200 OK"
2026-07-05 15:21:22,850 INFO skill_runner: Streamable HTTP MCP call: server=mcp_search base_url=http://mcp_search:8000 tool=search_web
2026-07-05 15:21:22,883 INFO httpx: HTTP Request: POST http://mcp_search:8000/mcp "HTTP/1.1 200 OK"
2026-07-05 15:21:22,973 INFO httpx: HTTP Request: POST http://litellm-proxy:4000/v1/chat/completions "HTTP/1.1 400 Bad Request"
2026-07-05 15:21:22,975 ERROR skill_runner: Chat error: Client error '400 Bad Request' for url 'http://litellm-proxy:4000/v1/chat/completions'
For more information check: https://developer.mozilla.org/en-US/docs/Web/HTTP/Status/400
2026-07-05 15:22:02,075 INFO skill_runner: Chat request: intent=chat text=search for thor homelab setup model=matrix-coder
2026-07-05 15:22:03,156 INFO httpx: HTTP Request: POST http://litellm-proxy:4000/v1/chat/completions "HTTP/1.1 200 OK"
2026-07-05 15:22:03,158 INFO skill_runner: Streamable HTTP MCP call: server=mcp_search base_url=http://mcp_search:8000 tool=search_web
2026-07-05 15:22:03,189 INFO httpx: HTTP Request: POST http://mcp_search:8000/mcp "HTTP/1.1 200 OK"
2026-07-05 15:22:05,182 INFO httpx: HTTP Request: POST http://litellm-proxy:4000/v1/chat/completions "HTTP/1.1 200 OK"
2026-07-05 15:26:03,914 INFO skill_runner: Chat request: intent=chat text=search for thor homelab setup model=matrix-coder
2026-07-05 15:26:05,660 INFO httpx: HTTP Request: POST http://litellm-proxy:4000/v1/chat/completions "HTTP/1.1 200 OK"
2026-07-05 15:26:05,661 INFO skill_runner: Streamable HTTP MCP call: server=mcp_search base_url=http://mcp_search:8000 tool=search_web
2026-07-05 15:26:05,692 INFO httpx: HTTP Request: POST http://mcp_search:8000/mcp "HTTP/1.1 200 OK"
2026-07-05 15:26:06,417 INFO httpx: HTTP Request: POST http://litellm-proxy:4000/v1/chat/completions "HTTP/1.1 200 OK"
2026-07-05 18:43:22,311 INFO skill_runner: Chat request: intent=chat text=What is the capital of France? model=matrix-gemma4-moe
2026-07-05 18:43:23,095 INFO httpx: HTTP Request: POST http://litellm-proxy:4000/v1/chat/completions "HTTP/1.1 200 OK"
2026-07-05 18:43:23,096 INFO skill_runner: Streamable HTTP MCP call: server=mcp_search base_url=http://mcp_search:8000 tool=search_web
2026-07-05 18:43:23,118 INFO httpx: HTTP Request: POST http://mcp_search:8000/mcp "HTTP/1.1 200 OK"
2026-07-05 18:43:23,972 INFO httpx: HTTP Request: POST http://litellm-proxy:4000/v1/chat/completions "HTTP/1.1 200 OK"
2026-07-05 18:44:02,059 INFO skill_runner: Chat request: intent=chat text=search for thor homelab setup model=matrix-gemma4-moe
2026-07-05 18:44:05,347 INFO httpx: HTTP Request: POST http://litellm-proxy:4000/v1/chat/completions "HTTP/1.1 200 OK"
2026-07-05 18:44:30,900 INFO skill_runner: Chat request: intent=chat text=search for thor homelab setup model=matrix-gemma4-moe
2026-07-05 18:44:31,982 INFO httpx: HTTP Request: POST http://litellm-proxy:4000/v1/chat/completions "HTTP/1.1 200 OK"
2026-07-05 18:44:49,351 INFO skill_runner: Chat request: intent=chat text=What is 2+2? model=matrix-gemma4-moe
2026-07-05 18:44:50,040 INFO httpx: HTTP Request: POST http://litellm-proxy:4000/v1/chat/completions "HTTP/1.1 200 OK"
2026-07-05 18:44:50,042 INFO skill_runner: Streamable HTTP MCP call: server=mcp_search base_url=http://mcp_search:8000 tool=search_web
2026-07-05 18:44:50,078 INFO httpx: HTTP Request: POST http://mcp_search:8000/mcp "HTTP/1.1 200 OK"
2026-07-05 18:44:52,205 INFO httpx: HTTP Request: POST http://litellm-proxy:4000/v1/chat/completions "HTTP/1.1 200 OK"
2026-07-05 18:44:54,233 INFO skill_runner: Chat request: intent=chat text=What is the weather in Tokyo today? model=matrix-gemma4-moe
2026-07-05 18:44:54,884 INFO httpx: HTTP Request: POST http://litellm-proxy:4000/v1/chat/completions "HTTP/1.1 200 OK"
2026-07-05 18:44:54,885 INFO skill_runner: Streamable HTTP MCP call: server=mcp_search base_url=http://mcp_search:8000 tool=search_web
2026-07-05 18:44:54,922 INFO httpx: HTTP Request: POST http://mcp_search:8000/mcp "HTTP/1.1 200 OK"
2026-07-05 18:44:59,559 INFO httpx: HTTP Request: POST http://litellm-proxy:4000/v1/chat/completions "HTTP/1.1 200 OK"
2026-07-05 18:48:32,268 INFO skill_runner: Chat request: intent=chat text=What is the capital of France? model=matrix-gemma4-moe
2026-07-05 18:48:34,219 INFO httpx: HTTP Request: POST http://litellm-proxy:4000/v1/chat/completions "HTTP/1.1 200 OK"
2026-07-05 18:48:36,062 INFO skill_runner: Chat request: intent=chat text=--model model=matrix-gemma4-moe
2026-07-05 18:48:47,044 INFO httpx: HTTP Request: POST http://litellm-proxy:4000/v1/chat/completions "HTTP/1.1 200 OK"
2026-07-05 18:48:49,502 INFO skill_runner: Chat request: intent=chat text=--intent model=matrix-gemma4-moe
2026-07-05 18:49:01,165 INFO httpx: HTTP Request: POST http://litellm-proxy:4000/v1/chat/completions "HTTP/1.1 200 OK"
2026-07-05 18:49:05,068 INFO skill_runner: Chat request: intent=chat text=siri-chat model=matrix-gemma4-moe
2026-07-05 18:49:12,542 INFO httpx: HTTP Request: POST http://litellm-proxy:4000/v1/chat/completions "HTTP/1.1 200 OK"
2026-07-05 18:49:36,816 INFO skill_runner: Chat request: intent=siri-chat text=What is the weather in Tokyo today? model=matrix-gemma4-moe
2026-07-05 18:49:36,817 INFO skill_runner: Job e07db6d389e1: Chat intent 'siri-chat' dispatched to skill 'siri_chat'
2026-07-05 18:49:36,817 INFO skill_runner: Job e07db6d389e1: Executing skill 'siri_chat'
2026-07-05 18:49:36,817 INFO skill_runner: Job e07db6d389e1: Skill module found at: /app/skills/siri_chat/skill.py
2026-07-05 18:49:36,818 INFO skill_runner: Job e07db6d389e1: LiteLLM client initialised: base_url=http://litellm-proxy:4000
2026-07-05 18:49:36,836 INFO skill_runner: Job e07db6d389e1: Skill module imported successfully
2026-07-05 18:49:36,836 INFO skill_runner: Job e07db6d389e1: Passing sync client as 'litellm_client'
2026-07-05 18:49:36,837 INFO skill_runner: Job e07db6d389e1: Invoking skill.run()...
2026-07-05 18:49:36,837 INFO skill_runner: Job e07db6d389e1: Executing siri_chat: query='What is the weather in Tokyo today?...'
2026-07-05 18:49:36,837 INFO skill_runner: Job e07db6d389e1: Model: matrix-coder
2026-07-05 18:49:36,837 INFO skill_runner: Job e07db6d389e1: Max tool rounds: 3
2026-07-05 18:49:38,277 INFO httpx: HTTP Request: POST http://litellm-proxy:4000/v1/chat/completions "HTTP/1.1 200 OK"
2026-07-05 18:49:38,280 INFO skill_runner: Streamable HTTP MCP call: server=mcp_search base_url=http://mcp_search:8000 tool=search_web
2026-07-05 18:49:38,314 INFO httpx: HTTP Request: POST http://mcp_search:8000/mcp "HTTP/1.1 406 Not Acceptable"
2026-07-05 18:49:38,317 INFO skill.siri_chat: Tool round 1 complete (1 tool calls executed)
2026-07-05 18:49:38,321 INFO skill_runner: Job e07db6d389e1: Runtime error: LiteLLM chat_completion failed: Event loop is closed
2026-07-05 18:49:38,321 INFO skill_runner: Job e07db6d389e1: Skill.run() returned: ['answer', 'error', 'sources', 'model_alias']
2026-07-05 18:49:38,322 INFO skill_runner: Job e07db6d389e1: Skill reported error: LiteLLM chat_completion failed: Event loop is closed
2026-07-05 18:49:38,322 INFO skill_runner: Job e07db6d389e1: Skill answer (used as summary): I couldn't reach my backend right now. Please try again in a moment.
2026-07-05 18:49:38,322 INFO skill_runner: Job e07db6d389e1: Merged result key 'sources' into job params
2026-07-05 18:49:38,322 INFO skill_runner: Job e07db6d389e1: Merged result key 'answer' into job params
2026-07-05 18:49:38,322 INFO skill_runner: Job e07db6d389e1 failed: LiteLLM chat_completion failed: Event loop is closed
2026-07-05 18:49:38,322 INFO skill_runner: Job e07db6d389e1 launched for skill 'siri_chat'.
2026-07-05 18:50:44,299 INFO skill_runner: Chat request: intent=siri-chat text=What is the weather in Tokyo today? model=matrix-gemma4-moe
2026-07-05 18:50:44,300 INFO skill_runner: Job 9a8d46b0cc19: Chat intent 'siri-chat' dispatched to skill 'siri_chat'
2026-07-05 18:50:44,300 INFO skill_runner: Job 9a8d46b0cc19: Executing skill 'siri_chat'
2026-07-05 18:50:44,300 INFO skill_runner: Job 9a8d46b0cc19: Skill module found at: /app/skills/siri_chat/skill.py
2026-07-05 18:50:44,300 INFO skill_runner: Job 9a8d46b0cc19: LiteLLM client initialised: base_url=http://litellm-proxy:4000
2026-07-05 18:50:44,311 INFO skill_runner: Job 9a8d46b0cc19: Skill module imported successfully
2026-07-05 18:50:44,312 INFO skill_runner: Job 9a8d46b0cc19: Passing sync client as 'litellm_client'
2026-07-05 18:50:44,312 INFO skill_runner: Job 9a8d46b0cc19: Invoking skill.run()...
2026-07-05 18:50:44,312 INFO skill_runner: Job 9a8d46b0cc19: Executing siri_chat: query='What is the weather in Tokyo today?...'
2026-07-05 18:50:44,312 INFO skill_runner: Job 9a8d46b0cc19: Model: matrix-coder
2026-07-05 18:50:44,312 INFO skill_runner: Job 9a8d46b0cc19: Max tool rounds: 3
2026-07-05 18:50:44,314 INFO skill_runner: Job 9a8d46b0cc19: Runtime error: LiteLLM chat_completion failed: _SyncLiteLLMWrapper.chat_completion.<locals>.<lambda>() got an unexpected keyword argument 'tools'
2026-07-05 18:50:44,314 INFO skill_runner: Job 9a8d46b0cc19: Skill.run() returned: ['answer', 'error', 'sources', 'model_alias']
2026-07-05 18:50:44,314 INFO skill_runner: Job 9a8d46b0cc19: Skill reported error: LiteLLM chat_completion failed: _SyncLiteLLMWrapper.chat_completion.<locals>.<lambda>() got an unexpected keyword argument 'tools'
2026-07-05 18:50:44,315 INFO skill_runner: Job 9a8d46b0cc19: Skill answer (used as summary): I couldn't reach my backend right now. Please try again in a moment.
2026-07-05 18:50:44,315 INFO skill_runner: Job 9a8d46b0cc19: Merged result key 'sources' into job params
2026-07-05 18:50:44,315 INFO skill_runner: Job 9a8d46b0cc19: Merged result key 'answer' into job params
2026-07-05 18:50:44,315 INFO skill_runner: Job 9a8d46b0cc19 failed: LiteLLM chat_completion failed: _SyncLiteLLMWrapper.chat_completion.<locals>.<lambda>() got an unexpected keyword argument 'tools'
2026-07-05 18:50:44,315 INFO skill_runner: Job 9a8d46b0cc19 launched for skill 'siri_chat'.
2026-07-05 18:52:20,459 INFO skill_runner: Chat request: intent=siri-chat text=What is the weather in Tokyo today? model=matrix-gemma4-moe
2026-07-05 18:52:20,459 INFO skill_runner: Job 79413b2f46f6: Chat intent 'siri-chat' dispatched to skill 'siri_chat'
2026-07-05 18:52:20,459 INFO skill_runner: Job 79413b2f46f6: Executing skill 'siri_chat'
2026-07-05 18:52:20,460 INFO skill_runner: Job 79413b2f46f6: Skill module found at: /app/skills/siri_chat/skill.py
2026-07-05 18:52:20,460 INFO skill_runner: Job 79413b2f46f6: LiteLLM client initialised: base_url=http://litellm-proxy:4000
2026-07-05 18:52:20,471 INFO skill_runner: Job 79413b2f46f6: Skill module imported successfully
2026-07-05 18:52:20,471 INFO skill_runner: Job 79413b2f46f6: Passing sync client as 'litellm_client'
2026-07-05 18:52:20,472 INFO skill_runner: Job 79413b2f46f6: Invoking skill.run()...
2026-07-05 18:52:20,472 INFO skill_runner: Job 79413b2f46f6: Executing siri_chat: query='What is the weather in Tokyo today?...'
2026-07-05 18:52:20,472 INFO skill_runner: Job 79413b2f46f6: Model: matrix-coder
2026-07-05 18:52:20,472 INFO skill_runner: Job 79413b2f46f6: Max tool rounds: 3
2026-07-05 18:52:21,550 INFO httpx: HTTP Request: POST http://litellm-proxy:4000/v1/chat/completions "HTTP/1.1 200 OK"
2026-07-05 18:52:21,552 INFO skill_runner: Streamable HTTP MCP call: server=mcp_search base_url=http://mcp_search:8000 tool=search_web
2026-07-05 18:52:21,574 INFO httpx: HTTP Request: POST http://mcp_search:8000/mcp "HTTP/1.1 406 Not Acceptable"
2026-07-05 18:52:21,577 INFO skill.siri_chat: Tool round 1 complete (1 tool calls executed)
2026-07-05 18:52:22,673 INFO httpx: HTTP Request: POST http://litellm-proxy:4000/v1/chat/completions "HTTP/1.1 200 OK"
2026-07-05 18:52:22,676 INFO skill_runner: Job 79413b2f46f6: Response generated (177 chars)
2026-07-05 18:52:22,676 INFO skill_runner: Job 79413b2f46f6: Sources: 1 found
2026-07-05 18:52:22,677 INFO skill_runner: Job 79413b2f46f6: Skill.run() returned: ['answer', 'sources', 'model_alias']
2026-07-05 18:52:22,677 INFO skill_runner: Job 79413b2f46f6: Skill answer (used as summary): 

I'm sorry, but I'm currently unable to check the weather because the search tool is experiencing a technical error. Please try again later or check a weather website directly.
2026-07-05 18:52:22,677 INFO skill_runner: Job 79413b2f46f6: Merged result key 'answer' into job params
2026-07-05 18:52:22,677 INFO skill_runner: Job 79413b2f46f6: Merged result key 'sources' into job params
2026-07-05 18:52:22,678 INFO skill_runner: Job 79413b2f46f6 completed successfully.
2026-07-05 18:52:22,678 INFO skill_runner: Job 79413b2f46f6 launched for skill 'siri_chat'.
2026-07-05 18:53:59,397 INFO skill_runner: Chat request: intent=siri-chat text=What is the weather in Tokyo today? model=matrix-gemma4-moe
2026-07-05 18:53:59,397 INFO skill_runner: Job fe788fc62c91: Chat intent 'siri-chat' dispatched to skill 'siri_chat'
2026-07-05 18:53:59,397 INFO skill_runner: Job fe788fc62c91: Executing skill 'siri_chat'
2026-07-05 18:53:59,398 INFO skill_runner: Job fe788fc62c91: Skill module found at: /app/skills/siri_chat/skill.py
2026-07-05 18:53:59,398 INFO skill_runner: Job fe788fc62c91: LiteLLM client initialised: base_url=http://litellm-proxy:4000
2026-07-05 18:53:59,410 INFO skill_runner: Job fe788fc62c91: Skill module imported successfully
2026-07-05 18:53:59,410 INFO skill_runner: Job fe788fc62c91: Passing sync client as 'litellm_client'
2026-07-05 18:53:59,411 INFO skill_runner: Job fe788fc62c91: Invoking skill.run()...
2026-07-05 18:53:59,411 INFO skill_runner: Job fe788fc62c91: Executing siri_chat: query='What is the weather in Tokyo today?...'
2026-07-05 18:53:59,411 INFO skill_runner: Job fe788fc62c91: Model: matrix-coder
2026-07-05 18:53:59,411 INFO skill_runner: Job fe788fc62c91: Max tool rounds: 3
2026-07-05 18:54:00,510 INFO httpx: HTTP Request: POST http://litellm-proxy:4000/v1/chat/completions "HTTP/1.1 200 OK"
2026-07-05 18:54:00,512 INFO skill_runner: Streamable HTTP MCP call: server=mcp_search base_url=http://mcp_search:8000 tool=search_web
2026-07-05 18:54:00,534 INFO httpx: HTTP Request: POST http://mcp_search:8000/mcp "HTTP/1.1 200 OK"
2026-07-05 18:54:00,537 INFO skill.siri_chat: Tool round 1 complete (1 tool calls executed)
2026-07-05 18:54:01,809 INFO httpx: HTTP Request: POST http://litellm-proxy:4000/v1/chat/completions "HTTP/1.1 200 OK"
2026-07-05 18:54:01,812 INFO skill_runner: Job fe788fc62c91: Response generated (172 chars)
2026-07-05 18:54:01,813 INFO skill_runner: Job fe788fc62c91: Skill.run() returned: ['answer', 'sources', 'model_alias']
2026-07-05 18:54:01,813 INFO skill_runner: Job fe788fc62c91: Skill answer (used as summary): 

I'm sorry, but I'm currently unable to check the weather because my search tool is experiencing a technical error. Please try again later or check a weather app directly.
2026-07-05 18:54:01,813 INFO skill_runner: Job fe788fc62c91: Merged result key 'sources' into job params
2026-07-05 18:54:01,814 INFO skill_runner: Job fe788fc62c91: Merged result key 'answer' into job params
2026-07-05 18:54:01,814 INFO skill_runner: Job fe788fc62c91 completed successfully.
2026-07-05 18:54:01,814 INFO skill_runner: Job fe788fc62c91 launched for skill 'siri_chat'.
2026-07-05 18:55:15,650 INFO skill_runner: Chat request: intent=siri-chat text=What is the weather in Tokyo today? model=matrix-gemma4-moe
2026-07-05 18:55:15,650 INFO skill_runner: Job 412381be53b0: Chat intent 'siri-chat' dispatched to skill 'siri_chat'
2026-07-05 18:55:15,650 INFO skill_runner: Job 412381be53b0: Executing skill 'siri_chat'
2026-07-05 18:55:15,651 INFO skill_runner: Job 412381be53b0: Skill module found at: /app/skills/siri_chat/skill.py
2026-07-05 18:55:15,651 INFO skill_runner: Job 412381be53b0: LiteLLM client initialised: base_url=http://litellm-proxy:4000
2026-07-05 18:55:15,657 INFO skill_runner: Job 412381be53b0: Skill module imported successfully
2026-07-05 18:55:15,657 INFO skill_runner: Job 412381be53b0: Passing sync client as 'litellm_client'
2026-07-05 18:55:15,657 INFO skill_runner: Job 412381be53b0: Invoking skill.run()...
2026-07-05 18:55:15,657 INFO skill_runner: Job 412381be53b0: Executing siri_chat: query='What is the weather in Tokyo today?...'
2026-07-05 18:55:15,657 INFO skill_runner: Job 412381be53b0: Model: matrix-coder
2026-07-05 18:55:15,657 INFO skill_runner: Job 412381be53b0: Max tool rounds: 3
2026-07-05 18:55:16,948 INFO httpx: HTTP Request: POST http://litellm-proxy:4000/v1/chat/completions "HTTP/1.1 200 OK"
2026-07-05 18:55:16,950 INFO skill_runner: Streamable HTTP MCP call: server=mcp_search base_url=http://mcp_search:8000 tool=search_web
2026-07-05 18:55:16,972 INFO httpx: HTTP Request: POST http://mcp_search:8000/mcp "HTTP/1.1 200 OK"
2026-07-05 18:55:16,974 INFO skill.siri_chat: Tool round 1 complete (1 tool calls executed)
2026-07-05 18:55:19,592 INFO httpx: HTTP Request: POST http://litellm-proxy:4000/v1/chat/completions "HTTP/1.1 200 OK"
2026-07-05 18:55:19,594 INFO skill_runner: Job 412381be53b0: Response generated (251 chars)
2026-07-05 18:55:19,594 INFO skill_runner: Job 412381be53b0: Skill.run() returned: ['answer', 'sources', 'model_alias']
2026-07-05 18:55:19,594 INFO skill_runner: Job 412381be53b0: Skill answer (used as summary): 

I'm sorry, but I'm currently unable to retrieve the weather information due to a technical issue with my search tool. I recommend checking a reliable weather website or app like Weather.com or AccuW
2026-07-05 18:55:19,594 INFO skill_runner: Job 412381be53b0: Merged result key 'sources' into job params
2026-07-05 18:55:19,594 INFO skill_runner: Job 412381be53b0: Merged result key 'answer' into job params
2026-07-05 18:55:19,594 INFO skill_runner: Job 412381be53b0 completed successfully.
2026-07-05 18:55:19,595 INFO skill_runner: Job 412381be53b0 launched for skill 'siri_chat'.
2026-07-05 18:56:16,372 INFO skill_runner: Chat request: intent=siri-chat text=What is the weather in Tokyo today? model=matrix-gemma4-moe
2026-07-05 18:56:16,372 INFO skill_runner: Job 0666e1023a4b: Chat intent 'siri-chat' dispatched to skill 'siri_chat'
2026-07-05 18:56:16,373 INFO skill_runner: Job 0666e1023a4b: Executing skill 'siri_chat'
2026-07-05 18:56:16,373 INFO skill_runner: Job 0666e1023a4b: Skill module found at: /app/skills/siri_chat/skill.py
2026-07-05 18:56:16,373 INFO skill_runner: Job 0666e1023a4b: LiteLLM client initialised: base_url=http://litellm-proxy:4000
2026-07-05 18:56:16,385 INFO skill_runner: Job 0666e1023a4b: Skill module imported successfully
2026-07-05 18:56:16,386 INFO skill_runner: Job 0666e1023a4b: Passing sync client as 'litellm_client'
2026-07-05 18:56:16,386 INFO skill_runner: Job 0666e1023a4b: Invoking skill.run()...
2026-07-05 18:56:16,386 INFO skill_runner: Job 0666e1023a4b: Executing siri_chat: query='What is the weather in Tokyo today?...'
2026-07-05 18:56:16,386 INFO skill_runner: Job 0666e1023a4b: Model: matrix-gemma4-moe
2026-07-05 18:56:16,387 INFO skill_runner: Job 0666e1023a4b: Max tool rounds: 3
2026-07-05 18:56:23,629 INFO httpx: HTTP Request: POST http://litellm-proxy:4000/v1/chat/completions "HTTP/1.1 200 OK"
2026-07-05 18:56:23,631 INFO skill_runner: Streamable HTTP MCP call: server=mcp_search base_url=http://mcp_search:8000 tool=search_web
2026-07-05 18:56:23,666 INFO httpx: HTTP Request: POST http://mcp_search:8000/mcp "HTTP/1.1 200 OK"
2026-07-05 18:56:23,669 INFO skill.siri_chat: Tool round 1 complete (1 tool calls executed)
2026-07-05 18:58:16,387 INFO skill_runner: Job 0666e1023a4b: Runtime error: LiteLLM chat_completion failed: siri_chat exceeded 120s max runtime
2026-07-05 18:58:16,387 INFO skill_runner: Job 0666e1023a4b: Skill.run() returned: ['answer', 'error', 'sources', 'model_alias']
2026-07-05 18:58:16,387 INFO skill_runner: Job 0666e1023a4b: Skill reported error: LiteLLM chat_completion failed: siri_chat exceeded 120s max runtime
2026-07-05 18:58:16,388 INFO skill_runner: Job 0666e1023a4b: Skill answer (used as summary): I couldn't reach my backend right now. Please try again in a moment.
2026-07-05 18:58:16,388 INFO skill_runner: Job 0666e1023a4b: Merged result key 'sources' into job params
2026-07-05 18:58:16,388 INFO skill_runner: Job 0666e1023a4b: Merged result key 'answer' into job params
2026-07-05 18:58:16,388 INFO skill_runner: Job 0666e1023a4b failed: LiteLLM chat_completion failed: siri_chat exceeded 120s max runtime
2026-07-05 18:58:16,388 INFO skill_runner: Job 0666e1023a4b launched for skill 'siri_chat'.
2026-07-05 19:29:00,498 INFO skill_runner: Chat request: intent=siri-chat text=What is the weather in Tokyo today? model=matrix-coder
2026-07-05 19:29:00,499 INFO skill_runner: Job c0db4821ed81: Chat intent 'siri-chat' dispatched to skill 'siri_chat'
2026-07-05 19:29:00,499 INFO skill_runner: Job c0db4821ed81: Executing skill 'siri_chat'
2026-07-05 19:29:00,499 INFO skill_runner: Job c0db4821ed81: Skill module found at: /app/skills/siri_chat/skill.py
2026-07-05 19:29:00,499 INFO skill_runner: Job c0db4821ed81: LiteLLM client initialised: base_url=http://litellm-proxy:4000
2026-07-05 19:29:00,510 INFO skill_runner: Job c0db4821ed81: Skill module imported successfully
2026-07-05 19:29:00,510 INFO skill_runner: Job c0db4821ed81: Passing sync client as 'litellm_client'
2026-07-05 19:29:00,510 INFO skill_runner: Job c0db4821ed81: Invoking skill.run()...
2026-07-05 19:29:00,510 INFO skill_runner: Job c0db4821ed81: Executing siri_chat: query='What is the weather in Tokyo today?...'
2026-07-05 19:29:00,511 INFO skill_runner: Job c0db4821ed81: Model: matrix-gemma4-moe
2026-07-05 19:29:00,511 INFO skill_runner: Job c0db4821ed81: Max tool rounds: 3
2026-07-05 19:29:13,667 INFO httpx: HTTP Request: POST http://litellm-proxy:4000/v1/chat/completions "HTTP/1.1 200 OK"
2026-07-05 19:29:13,669 INFO skill_runner: Streamable HTTP MCP call: server=mcp_search base_url=http://mcp_search:8000 tool=search_web
2026-07-05 19:29:13,691 INFO httpx: HTTP Request: POST http://mcp_search:8000/mcp "HTTP/1.1 200 OK"
2026-07-05 19:29:13,694 INFO skill.siri_chat: Tool round 1 complete (1 tool calls executed)
2026-07-05 19:29:16,417 INFO httpx: HTTP Request: POST http://litellm-proxy:4000/v1/chat/completions "HTTP/1.1 200 OK"
2026-07-05 19:29:16,421 INFO skill_runner: Job c0db4821ed81: Response generated (990 chars)
2026-07-05 19:29:16,421 INFO skill_runner: Job c0db4821ed81: Skill.run() returned: ['answer', 'sources', 'model_alias']
2026-07-05 19:29:16,421 INFO skill_runner: Job c0db4821ed81: Skill answer (used as summary): {"thought": "The user has encountered an error message regarding MCP initialization. This is likely a technical issue with the system or communication between components, not a direct question that ca
2026-07-05 19:29:16,421 INFO skill_runner: Job c0db4821ed81: Merged result key 'sources' into job params
2026-07-05 19:29:16,421 INFO skill_runner: Job c0db4821ed81: Merged result key 'answer' into job params
2026-07-05 19:29:16,421 INFO skill_runner: Job c0db4821ed81 completed successfully.
2026-07-05 19:29:16,422 INFO skill_runner: Job c0db4821ed81 launched for skill 'siri_chat'.
2026-07-05 19:30:06,039 INFO skill_runner: Chat request: intent=siri-chat text=What is the weather in Tokyo today? model=matrix-coder
2026-07-05 19:30:06,040 INFO skill_runner: Job 4d8a2c9493cb: Chat intent 'siri-chat' dispatched to skill 'siri_chat'
2026-07-05 19:30:06,040 INFO skill_runner: Job 4d8a2c9493cb: Executing skill 'siri_chat'
2026-07-05 19:30:06,040 INFO skill_runner: Job 4d8a2c9493cb: Skill module found at: /app/skills/siri_chat/skill.py
2026-07-05 19:30:06,040 INFO skill_runner: Job 4d8a2c9493cb: LiteLLM client initialised: base_url=http://litellm-proxy:4000
2026-07-05 19:30:06,051 INFO skill_runner: Job 4d8a2c9493cb: Skill module imported successfully
2026-07-05 19:30:06,051 INFO skill_runner: Job 4d8a2c9493cb: Passing sync client as 'litellm_client'
2026-07-05 19:30:06,052 INFO skill_runner: Job 4d8a2c9493cb: Invoking skill.run()...
2026-07-05 19:30:06,052 INFO skill_runner: Job 4d8a2c9493cb: Executing siri_chat: query='What is the weather in Tokyo today?...'
2026-07-05 19:30:06,052 INFO skill_runner: Job 4d8a2c9493cb: Model: matrix-coder
2026-07-05 19:30:06,052 INFO skill_runner: Job 4d8a2c9493cb: Max tool rounds: 3
2026-07-05 19:30:07,302 INFO httpx: HTTP Request: POST http://litellm-proxy:4000/v1/chat/completions "HTTP/1.1 200 OK"
2026-07-05 19:30:07,304 INFO skill_runner: Streamable HTTP MCP call: server=mcp_search base_url=http://mcp_search:8000 tool=search_web
2026-07-05 19:30:07,329 INFO httpx: HTTP Request: POST http://mcp_search:8000/mcp "HTTP/1.1 200 OK"
2026-07-05 19:30:07,333 INFO skill.siri_chat: Tool round 1 complete (1 tool calls executed)
2026-07-05 19:30:08,246 INFO httpx: HTTP Request: POST http://litellm-proxy:4000/v1/chat/completions "HTTP/1.1 200 OK"
2026-07-05 19:30:08,248 INFO skill_runner: Streamable HTTP MCP call: server=mcp_search base_url=http://mcp_search:8000 tool=search_web
2026-07-05 19:30:08,277 INFO httpx: HTTP Request: POST http://mcp_search:8000/mcp "HTTP/1.1 200 OK"
2026-07-05 19:30:08,279 INFO skill.siri_chat: Tool round 2 complete (1 tool calls executed)
2026-07-05 19:30:10,186 INFO httpx: HTTP Request: POST http://litellm-proxy:4000/v1/chat/completions "HTTP/1.1 200 OK"
2026-07-05 19:30:10,189 INFO skill_runner: Job 4d8a2c9493cb: Response generated (304 chars)
2026-07-05 19:30:10,189 INFO skill_runner: Job 4d8a2c9493cb: Skill.run() returned: ['answer', 'sources', 'model_alias']
2026-07-05 19:30:10,189 INFO skill_runner: Job 4d8a2c9493cb: Skill answer (used as summary): 

I'm sorry, but I'm unable to access real-time weather information right now due to a technical issue with my search tools. For the most accurate and up-to-date weather in Tokyo, I recommend checking
2026-07-05 19:30:10,189 INFO skill_runner: Job 4d8a2c9493cb: Merged result key 'sources' into job params
2026-07-05 19:30:10,189 INFO skill_runner: Job 4d8a2c9493cb: Merged result key 'answer' into job params
2026-07-05 19:30:10,190 INFO skill_runner: Job 4d8a2c9493cb completed successfully.
2026-07-05 19:30:10,190 INFO skill_runner: Job 4d8a2c9493cb launched for skill 'siri_chat'.
2026-07-05 19:31:11,089 INFO skill_runner: Chat request: intent=siri-chat text=siri-chat: What is the weather in Tokyo today? model=matrix-coder
2026-07-05 19:31:11,089 INFO skill_runner: Job b22e5a65f075: Chat intent 'siri-chat' dispatched to skill 'siri_chat'
2026-07-05 19:31:11,089 INFO skill_runner: Job b22e5a65f075: Executing skill 'siri_chat'
2026-07-05 19:31:11,090 INFO skill_runner: Job b22e5a65f075: Skill module found at: /app/skills/siri_chat/skill.py
2026-07-05 19:31:11,090 INFO skill_runner: Job b22e5a65f075: LiteLLM client initialised: base_url=http://litellm-proxy:4000
2026-07-05 19:31:11,099 INFO skill_runner: Job b22e5a65f075: Skill module imported successfully
2026-07-05 19:31:11,100 INFO skill_runner: Job b22e5a65f075: Passing sync client as 'litellm_client'
2026-07-05 19:31:11,100 INFO skill_runner: Job b22e5a65f075: Invoking skill.run()...
2026-07-05 19:31:11,100 INFO skill_runner: Job b22e5a65f075: Executing siri_chat: query='siri-chat: What is the weather in Tokyo today?...'
2026-07-05 19:31:11,100 INFO skill_runner: Job b22e5a65f075: Model: matrix-coder
2026-07-05 19:31:11,101 INFO skill_runner: Job b22e5a65f075: Max tool rounds: 3
2026-07-05 19:31:12,834 INFO httpx: HTTP Request: POST http://litellm-proxy:4000/v1/chat/completions "HTTP/1.1 200 OK"
2026-07-05 19:31:12,837 INFO skill_runner: Streamable HTTP MCP call: server=mcp_search base_url=http://mcp_search:8000 tool=search_web
2026-07-05 19:31:12,877 INFO httpx: HTTP Request: POST http://mcp_search:8000/mcp "HTTP/1.1 200 OK"
2026-07-05 19:31:12,878 INFO skill.siri_chat: Tool round 1 complete (1 tool calls executed)
2026-07-05 19:31:15,208 INFO httpx: HTTP Request: POST http://litellm-proxy:4000/v1/chat/completions "HTTP/1.1 200 OK"
2026-07-05 19:31:15,209 INFO skill_runner: Job b22e5a65f075: Response generated (198 chars)
2026-07-05 19:31:15,209 INFO skill_runner: Job b22e5a65f075: Skill.run() returned: ['answer', 'sources', 'model_alias']
2026-07-05 19:31:15,210 INFO skill_runner: Job b22e5a65f075: Skill answer (used as summary): 

I'm sorry, but I'm currently unable to fetch the live weather data for Tokyo due to a temporary connection issue. Please check a reliable weather website or app for the most up-to-date conditions.
2026-07-05 19:31:15,210 INFO skill_runner: Job b22e5a65f075: Merged result key 'sources' into job params
2026-07-05 19:31:15,210 INFO skill_runner: Job b22e5a65f075: Merged result key 'answer' into job params
2026-07-05 19:31:15,210 INFO skill_runner: Job b22e5a65f075 completed successfully.
2026-07-05 19:31:15,210 INFO skill_runner: Job b22e5a65f075 launched for skill 'siri_chat'.
2026-07-05 19:32:40,251 INFO skill_runner: Chat request: intent=siri-chat text=siri-chat: What is the weather in Tokyo today? model=matrix-coder
2026-07-05 19:32:40,251 INFO skill_runner: Job 558b81c526dc: Chat intent 'siri-chat' dispatched to skill 'siri_chat'
2026-07-05 19:32:40,251 INFO skill_runner: Job 558b81c526dc: Executing skill 'siri_chat'
2026-07-05 19:32:40,252 INFO skill_runner: Job 558b81c526dc: Skill module found at: /app/skills/siri_chat/skill.py
2026-07-05 19:32:40,252 INFO skill_runner: Job 558b81c526dc: LiteLLM client initialised: base_url=http://litellm-proxy:4000
2026-07-05 19:32:40,260 INFO skill_runner: Job 558b81c526dc: Skill module imported successfully
2026-07-05 19:32:40,261 INFO skill_runner: Job 558b81c526dc: Passing sync client as 'litellm_client'
2026-07-05 19:32:40,261 INFO skill_runner: Job 558b81c526dc: Invoking skill.run()...
2026-07-05 19:32:40,261 INFO skill_runner: Job 558b81c526dc: Executing siri_chat: query='siri-chat: What is the weather in Tokyo today?...'
2026-07-05 19:32:40,261 INFO skill_runner: Job 558b81c526dc: Model: matrix-coder
2026-07-05 19:32:40,261 INFO skill_runner: Job 558b81c526dc: Max tool rounds: 3
2026-07-05 19:32:41,675 INFO httpx: HTTP Request: POST http://litellm-proxy:4000/v1/chat/completions "HTTP/1.1 200 OK"
2026-07-05 19:32:41,678 INFO skill_runner: Streamable HTTP MCP call: server=mcp_search base_url=http://mcp_search:8000 tool=search_web
2026-07-05 19:32:41,699 INFO httpx: HTTP Request: POST http://mcp_search:8000/mcp "HTTP/1.1 200 OK"
2026-07-05 19:32:41,701 INFO skill.siri_chat: DEBUG: Tool search_web result_text=[{"type": "text", "text": "MCP initialize failed: Expecting value: line 1 column 1 (char 0)"}]
2026-07-05 19:32:41,701 INFO skill.siri_chat: Tool round 1 complete (1 tool calls executed)
2026-07-05 19:32:47,005 INFO httpx: HTTP Request: POST http://litellm-proxy:4000/v1/chat/completions "HTTP/1.1 200 OK"
2026-07-05 19:32:47,008 INFO skill_runner: Job 558b81c526dc: Response generated (204 chars)
2026-07-05 19:32:47,008 INFO skill_runner: Job 558b81c526dc: Skill.run() returned: ['answer', 'sources', 'model_alias']
2026-07-05 19:32:47,009 INFO skill_runner: Job 558b81c526dc: Skill answer (used as summary): 

I'm sorry, but I'm having trouble connecting to the internet right now, so I can't check the weather in Tokyo. You'll need to check a weather app or website directly for the most up-to-date informat
2026-07-05 19:32:47,009 INFO skill_runner: Job 558b81c526dc: Merged result key 'sources' into job params
2026-07-05 19:32:47,009 INFO skill_runner: Job 558b81c526dc: Merged result key 'answer' into job params
2026-07-05 19:32:47,009 INFO skill_runner: Job 558b81c526dc completed successfully.
2026-07-05 19:32:47,010 INFO skill_runner: Job 558b81c526dc launched for skill 'siri_chat'.
2026-07-05 19:34:17,435 INFO skill_runner: Chat request: intent=siri-chat text=siri-chat: What is the weather in Tokyo today? model=matrix-coder
2026-07-05 19:34:17,435 INFO skill_runner: Job c344d7e8d817: Chat intent 'siri-chat' dispatched to skill 'siri_chat'
2026-07-05 19:34:17,435 INFO skill_runner: Job c344d7e8d817: Executing skill 'siri_chat'
2026-07-05 19:34:17,436 INFO skill_runner: Job c344d7e8d817: Skill module found at: /app/skills/siri_chat/skill.py
2026-07-05 19:34:17,436 INFO skill_runner: Job c344d7e8d817: LiteLLM client initialised: base_url=http://litellm-proxy:4000
2026-07-05 19:34:17,442 INFO skill_runner: Job c344d7e8d817: Skill module imported successfully
2026-07-05 19:34:17,443 INFO skill_runner: Job c344d7e8d817: Passing sync client as 'litellm_client'
2026-07-05 19:34:17,443 INFO skill_runner: Job c344d7e8d817: Invoking skill.run()...
2026-07-05 19:34:17,443 INFO skill_runner: Job c344d7e8d817: Executing siri_chat: query='siri-chat: What is the weather in Tokyo today?...'
2026-07-05 19:34:17,443 INFO skill_runner: Job c344d7e8d817: Model: matrix-coder
2026-07-05 19:34:17,443 INFO skill_runner: Job c344d7e8d817: Max tool rounds: 3
2026-07-05 19:34:18,785 INFO httpx: HTTP Request: POST http://litellm-proxy:4000/v1/chat/completions "HTTP/1.1 200 OK"
2026-07-05 19:34:18,787 INFO skill_runner: Streamable HTTP MCP call: server=mcp_search base_url=http://mcp_search:8000 tool=search_web
2026-07-05 19:34:18,813 INFO httpx: HTTP Request: POST http://mcp_search:8000/mcp "HTTP/1.1 200 OK"
2026-07-05 19:34:18,815 INFO skill_runner: MCP initialized (server: mcp_search, session: 433481a3344249ac9a4c454002ba4ed2)
2026-07-05 19:34:18,819 INFO httpx: HTTP Request: POST http://mcp_search:8000/mcp "HTTP/1.1 202 Accepted"
2026-07-05 19:34:18,820 INFO skill_runner: MCP initialized notification sent
2026-07-05 19:34:18,824 INFO httpx: HTTP Request: POST http://mcp_search:8000/mcp "HTTP/1.1 200 OK"
2026-07-05 19:34:19,841 INFO skill_runner: tools/call POST returned status 200
2026-07-05 19:34:19,847 INFO httpx: HTTP Request: DELETE http://mcp_search:8000/mcp "HTTP/1.1 400 Bad Request"
2026-07-05 19:34:19,849 INFO skill_runner: Streamable HTTP call returning structured result (server=mcp_search, tool=search_web, results_count=5)
2026-07-05 19:34:19,850 INFO skill.siri_chat: DEBUG: Tool search_web result_text={"result": [{"title": "Tokyo, Tokyo, Japan Weather Forecast - AccuWeather", "url": "https://www.accuweather.com/en/jp/tokyo/226396/weather-forecast/226396", "snippet": "10-Day Weather Forecast ; Today. 7/6. 81° 68° ; Tue. 7/7. 82° 71° ; Wed. 7/8. 84° 70° ; Thu. 7/9. 90° 73° ; Fri. 7/10. 88° 73°."}, {"title": "Tokyo, Tokyo, Japan Hourly Weather | AccuWeather", "url": "https://www.accuweather.com/en/jp/tokyo/226396/hourly-weather-forecast/226396", "snippet": "The current hour shows 71° with a Real
2026-07-05 19:34:19,850 INFO skill.siri_chat: Tool round 1 complete (1 tool calls executed)
2026-07-05 19:34:25,478 INFO httpx: HTTP Request: POST http://litellm-proxy:4000/v1/chat/completions "HTTP/1.1 200 OK"
2026-07-05 19:34:25,480 INFO skill_runner: Job c344d7e8d817: Response generated (150 chars)
2026-07-05 19:34:25,480 INFO skill_runner: Job c344d7e8d817: Sources: 5 found
2026-07-05 19:34:25,481 INFO skill_runner: Job c344d7e8d817: Skill.run() returned: ['answer', 'sources', 'model_alias']
2026-07-05 19:34:25,481 INFO skill_runner: Job c344d7e8d817: Skill answer (used as summary): 

It's currently 71°F (22°C) in Tokyo with light rain showers. The high for today is expected to be 81°F (27°C). This information is from AccuWeather.
2026-07-05 19:34:25,481 INFO skill_runner: Job c344d7e8d817: Merged result key 'sources' into job params
2026-07-05 19:34:25,481 INFO skill_runner: Job c344d7e8d817: Merged result key 'answer' into job params
2026-07-05 19:34:25,481 INFO skill_runner: Job c344d7e8d817 completed successfully.
2026-07-05 19:34:25,481 INFO skill_runner: Job c344d7e8d817 launched for skill 'siri_chat'.
2026-07-05 19:35:03,871 INFO skill_runner: Chat request: intent=chat text=What is 2+2? model=matrix-gemma4-moe
2026-07-05 19:35:18,390 INFO httpx: HTTP Request: POST http://litellm-proxy:4000/v1/chat/completions "HTTP/1.1 200 OK"
2026-07-05 19:35:18,418 INFO skill_runner: Chat request: intent=siri-chat text=What is the weather in Tokyo today? model=matrix-gemma4-moe
2026-07-05 19:35:18,419 INFO skill_runner: Job db20b51204fe: Chat intent 'siri-chat' dispatched to skill 'siri_chat'
2026-07-05 19:35:18,419 INFO skill_runner: Job db20b51204fe: Executing skill 'siri_chat'
2026-07-05 19:35:18,419 INFO skill_runner: Job db20b51204fe: Skill module found at: /app/skills/siri_chat/skill.py
2026-07-05 19:35:18,419 INFO skill_runner: Job db20b51204fe: LiteLLM client initialised: base_url=http://litellm-proxy:4000
2026-07-05 19:35:18,427 INFO skill_runner: Job db20b51204fe: Skill module imported successfully
2026-07-05 19:35:18,427 INFO skill_runner: Job db20b51204fe: Passing sync client as 'litellm_client'
2026-07-05 19:35:18,427 INFO skill_runner: Job db20b51204fe: Invoking skill.run()...
2026-07-05 19:35:18,427 INFO skill_runner: Job db20b51204fe: Executing siri_chat: query='What is the weather in Tokyo today?...'
2026-07-05 19:35:18,428 INFO skill_runner: Job db20b51204fe: Model: matrix-coder
2026-07-05 19:35:18,428 INFO skill_runner: Job db20b51204fe: Max tool rounds: 3
2026-07-05 19:35:19,983 INFO httpx: HTTP Request: POST http://litellm-proxy:4000/v1/chat/completions "HTTP/1.1 200 OK"
2026-07-05 19:35:19,986 INFO skill_runner: Streamable HTTP MCP call: server=mcp_search base_url=http://mcp_search:8000 tool=search_web
2026-07-05 19:35:20,015 INFO httpx: HTTP Request: POST http://mcp_search:8000/mcp "HTTP/1.1 200 OK"
2026-07-05 19:35:20,017 INFO skill_runner: MCP initialized (server: mcp_search, session: dfa8308f73ce464c906223c91c49fac1)
2026-07-05 19:35:20,020 INFO httpx: HTTP Request: POST http://mcp_search:8000/mcp "HTTP/1.1 202 Accepted"
2026-07-05 19:35:20,021 INFO skill_runner: MCP initialized notification sent
2026-07-05 19:35:20,025 INFO httpx: HTTP Request: POST http://mcp_search:8000/mcp "HTTP/1.1 200 OK"
2026-07-05 19:35:20,917 INFO skill_runner: tools/call POST returned status 200
2026-07-05 19:35:20,922 INFO httpx: HTTP Request: DELETE http://mcp_search:8000/mcp "HTTP/1.1 400 Bad Request"
2026-07-05 19:35:20,923 INFO skill_runner: Streamable HTTP call returning structured result (server=mcp_search, tool=search_web, results_count=5)
2026-07-05 19:35:20,924 INFO skill.siri_chat: DEBUG: Tool search_web result_text={"result": [{"title": "Tokyo, Tokyo, Japan Weather Forecast - AccuWeather", "url": "https://www.accuweather.com/en/jp/tokyo/226396/weather-forecast/226396", "snippet": "10-Day Weather Forecast ; Today. 7/6. 81° 68° ; Tue. 7/7. 82° 71° ; Wed. 7/8. 84° 70° ; Thu. 7/9. 90° 73° ; Fri. 7/10. 88° 73°."}, {"title": "Tokyo, Japan 14 day weather forecast - Time and Date", "url": "https://www.timeanddate.com/weather/japan/tokyo/ext", "snippet": "2 Week Extended Forecast in Tokyo, Japan ; 77 / 69 °F · Pass
2026-07-05 19:35:20,924 INFO skill.siri_chat: Tool round 1 complete (1 tool calls executed)
2026-07-05 19:35:23,789 INFO httpx: HTTP Request: POST http://litellm-proxy:4000/v1/chat/completions "HTTP/1.1 200 OK"
2026-07-05 19:35:23,792 INFO skill_runner: Job db20b51204fe: Response generated (244 chars)
2026-07-05 19:35:23,792 INFO skill_runner: Job db20b51204fe: Sources: 5 found
2026-07-05 19:35:23,792 INFO skill_runner: Job db20b51204fe: Skill.run() returned: ['answer', 'sources', 'model_alias']
2026-07-05 19:35:23,792 INFO skill_runner: Job db20b51204fe: Skill answer (used as summary): 

It is currently cloudy in Tokyo with a temperature of 72°F (22°C). The forecast for today calls for a high of 81°F (27°C) and a low of 68°F (20°C), with overcast skies and a chance of passing shower
2026-07-05 19:35:23,793 INFO skill_runner: Job db20b51204fe: Merged result key 'answer' into job params
2026-07-05 19:35:23,793 INFO skill_runner: Job db20b51204fe: Merged result key 'sources' into job params
2026-07-05 19:35:23,793 INFO skill_runner: Job db20b51204fe completed successfully.
2026-07-05 19:35:23,793 INFO skill_runner: Job db20b51204fe launched for skill 'siri_chat'.
2026-07-05 19:36:09,369 INFO skill_runner: Chat request: intent=siri-chat text=siri-chat: What is the homelab setup? model=matrix-coder
2026-07-05 19:36:09,369 INFO skill_runner: Job f4a7b402a45b: Chat intent 'siri-chat' dispatched to skill 'siri_chat'
2026-07-05 19:36:09,369 INFO skill_runner: Job f4a7b402a45b: Executing skill 'siri_chat'
2026-07-05 19:36:09,369 INFO skill_runner: Job f4a7b402a45b: Skill module found at: /app/skills/siri_chat/skill.py
2026-07-05 19:36:09,370 INFO skill_runner: Job f4a7b402a45b: LiteLLM client initialised: base_url=http://litellm-proxy:4000
2026-07-05 19:36:09,377 INFO skill_runner: Job f4a7b402a45b: Skill module imported successfully
2026-07-05 19:36:09,377 INFO skill_runner: Job f4a7b402a45b: Passing sync client as 'litellm_client'
2026-07-05 19:36:09,377 INFO skill_runner: Job f4a7b402a45b: Invoking skill.run()...
2026-07-05 19:36:09,377 INFO skill_runner: Job f4a7b402a45b: Executing siri_chat: query='siri-chat: What is the homelab setup?...'
2026-07-05 19:36:09,378 INFO skill_runner: Job f4a7b402a45b: Model: matrix-coder
2026-07-05 19:36:09,378 INFO skill_runner: Job f4a7b402a45b: Max tool rounds: 3
2026-07-05 19:36:10,886 INFO httpx: HTTP Request: POST http://litellm-proxy:4000/v1/chat/completions "HTTP/1.1 200 OK"
2026-07-05 19:36:10,888 INFO skill_runner: Streamable HTTP MCP call: server=mcp_knowledge base_url=http://mcp_knowledge:8000 tool=family_kb_search
2026-07-05 19:36:10,911 INFO httpx: HTTP Request: POST http://mcp_knowledge:8000/mcp "HTTP/1.1 200 OK"
2026-07-05 19:36:10,913 INFO skill_runner: MCP initialized (server: mcp_knowledge, session: 383e9f8afea248669e02754b5bffd1ea)
2026-07-05 19:36:10,917 INFO httpx: HTTP Request: POST http://mcp_knowledge:8000/mcp "HTTP/1.1 202 Accepted"
2026-07-05 19:36:10,918 INFO skill_runner: MCP initialized notification sent
2026-07-05 19:36:10,922 INFO httpx: HTTP Request: POST http://mcp_knowledge:8000/mcp "HTTP/1.1 200 OK"
2026-07-05 19:36:10,927 INFO skill_runner: tools/call POST returned status 200
2026-07-05 19:36:10,933 INFO httpx: HTTP Request: DELETE http://mcp_knowledge:8000/mcp "HTTP/1.1 400 Bad Request"
2026-07-05 19:36:10,934 INFO skill_runner: Streamable HTTP call returning content result (server=mcp_knowledge, tool=family_kb_search, items=1)
2026-07-05 19:36:10,935 INFO skill.siri_chat: DEBUG: Tool family_kb_search result_text=Unknown tool: family_kb_search
2026-07-05 19:36:10,936 INFO skill.siri_chat: Tool round 1 complete (1 tool calls executed)
2026-07-05 19:36:13,031 INFO httpx: HTTP Request: POST http://litellm-proxy:4000/v1/chat/completions "HTTP/1.1 200 OK"
2026-07-05 19:36:13,034 INFO skill_runner: Streamable HTTP MCP call: server=mcp_knowledge base_url=http://mcp_knowledge:8000 tool=family_kb_ask
2026-07-05 19:36:13,055 INFO httpx: HTTP Request: POST http://mcp_knowledge:8000/mcp "HTTP/1.1 200 OK"
2026-07-05 19:36:13,056 INFO skill_runner: MCP initialized (server: mcp_knowledge, session: c133c914702d4262997d47a6711643d5)
2026-07-05 19:36:13,060 INFO httpx: HTTP Request: POST http://mcp_knowledge:8000/mcp "HTTP/1.1 202 Accepted"
2026-07-05 19:36:13,062 INFO skill_runner: MCP initialized notification sent
2026-07-05 19:36:13,066 INFO httpx: HTTP Request: POST http://mcp_knowledge:8000/mcp "HTTP/1.1 200 OK"
2026-07-05 19:36:13,069 INFO skill_runner: tools/call POST returned status 200
2026-07-05 19:36:13,075 INFO httpx: HTTP Request: DELETE http://mcp_knowledge:8000/mcp "HTTP/1.1 400 Bad Request"
2026-07-05 19:36:13,077 INFO skill_runner: Streamable HTTP call returning content result (server=mcp_knowledge, tool=family_kb_ask, items=1)
2026-07-05 19:36:13,078 INFO skill.siri_chat: DEBUG: Tool family_kb_ask result_text=Unknown tool: family_kb_ask
2026-07-05 19:36:13,078 INFO skill.siri_chat: Tool round 2 complete (1 tool calls executed)
2026-07-05 19:36:14,312 INFO httpx: HTTP Request: POST http://litellm-proxy:4000/v1/chat/completions "HTTP/1.1 200 OK"
2026-07-05 19:36:14,314 INFO skill_runner: Streamable HTTP MCP call: server=mcp_homelab_status base_url=http://mcp_homelab_status:8000 tool=docker_status
2026-07-05 19:36:14,344 INFO httpx: HTTP Request: POST http://mcp_homelab_status:8000/mcp "HTTP/1.1 200 OK"
2026-07-05 19:36:14,346 INFO skill_runner: MCP initialized (server: mcp_homelab_status, session: cdae54f33c024e978f841a296c458a47)
2026-07-05 19:36:14,350 INFO httpx: HTTP Request: POST http://mcp_homelab_status:8000/mcp "HTTP/1.1 202 Accepted"
2026-07-05 19:36:14,351 INFO skill_runner: MCP initialized notification sent
2026-07-05 19:36:14,354 INFO httpx: HTTP Request: POST http://mcp_homelab_status:8000/mcp "HTTP/1.1 200 OK"
2026-07-05 19:36:14,356 INFO skill_runner: tools/call POST returned status 200
2026-07-05 19:36:14,360 INFO httpx: HTTP Request: DELETE http://mcp_homelab_status:8000/mcp "HTTP/1.1 400 Bad Request"
2026-07-05 19:36:14,362 INFO skill_runner: Streamable HTTP call returning content result (server=mcp_homelab_status, tool=docker_status, items=1)
2026-07-05 19:36:14,363 INFO skill.siri_chat: DEBUG: Tool docker_status result_text=Unknown tool: docker_status
2026-07-05 19:36:14,363 INFO skill.siri_chat: Tool round 3 complete (1 tool calls executed)
2026-07-05 19:36:24,713 INFO httpx: HTTP Request: POST http://litellm-proxy:4000/v1/chat/completions "HTTP/1.1 200 OK"
2026-07-05 19:36:24,715 INFO skill_runner: Job f4a7b402a45b: Response generated (0 chars)
2026-07-05 19:36:24,715 INFO skill_runner: Job f4a7b402a45b: Skill.run() returned: ['answer', 'sources', 'model_alias']
2026-07-05 19:36:24,715 INFO skill_runner: Job f4a7b402a45b: Skill answer (used as summary): 
2026-07-05 19:36:24,715 INFO skill_runner: Job f4a7b402a45b: Merged result key 'answer' into job params
2026-07-05 19:36:24,715 INFO skill_runner: Job f4a7b402a45b: Merged result key 'sources' into job params
2026-07-05 19:36:24,716 INFO skill_runner: Job f4a7b402a45b completed successfully.
2026-07-05 19:36:24,716 INFO skill_runner: Job f4a7b402a45b launched for skill 'siri_chat'.
2026-07-05 19:37:04,430 INFO skill_runner: Chat request: intent=chat text=What is 2+2? model=matrix-gemma4-moe
2026-07-05 19:37:06,170 INFO httpx: HTTP Request: POST http://litellm-proxy:4000/v1/chat/completions "HTTP/1.1 200 OK"
2026-07-05 19:37:06,337 INFO skill_runner: Chat request: intent=siri-chat text=What is the latest news about OpenAI? model=matrix-gemma4-moe
2026-07-05 19:37:06,337 INFO skill_runner: Job f7790fde8bd5: Chat intent 'siri-chat' dispatched to skill 'siri_chat'
2026-07-05 19:37:06,337 INFO skill_runner: Job f7790fde8bd5: Executing skill 'siri_chat'
2026-07-05 19:37:06,338 INFO skill_runner: Job f7790fde8bd5: Skill module found at: /app/skills/siri_chat/skill.py
2026-07-05 19:37:06,338 INFO skill_runner: Job f7790fde8bd5: LiteLLM client initialised: base_url=http://litellm-proxy:4000
2026-07-05 19:37:06,348 INFO skill_runner: Job f7790fde8bd5: Skill module imported successfully
2026-07-05 19:37:06,348 INFO skill_runner: Job f7790fde8bd5: Passing sync client as 'litellm_client'
2026-07-05 19:37:06,349 INFO skill_runner: Job f7790fde8bd5: Invoking skill.run()...
2026-07-05 19:37:06,349 INFO skill_runner: Job f7790fde8bd5: Executing siri_chat: query='What is the latest news about OpenAI?...'
2026-07-05 19:37:06,349 INFO skill_runner: Job f7790fde8bd5: Model: matrix-coder
2026-07-05 19:37:06,349 INFO skill_runner: Job f7790fde8bd5: Max tool rounds: 3
2026-07-05 19:37:07,166 INFO httpx: HTTP Request: POST http://litellm-proxy:4000/v1/chat/completions "HTTP/1.1 200 OK"
2026-07-05 19:37:07,169 INFO skill_runner: Streamable HTTP MCP call: server=mcp_search base_url=http://mcp_search:8000 tool=search_web
2026-07-05 19:37:07,193 INFO httpx: HTTP Request: POST http://mcp_search:8000/mcp "HTTP/1.1 200 OK"
2026-07-05 19:37:07,195 INFO skill_runner: MCP initialized (server: mcp_search, session: 191130a090bc4562ab98317aea506c98)
2026-07-05 19:37:07,199 INFO httpx: HTTP Request: POST http://mcp_search:8000/mcp "HTTP/1.1 202 Accepted"
2026-07-05 19:37:07,200 INFO skill_runner: MCP initialized notification sent
2026-07-05 19:37:07,204 INFO httpx: HTTP Request: POST http://mcp_search:8000/mcp "HTTP/1.1 200 OK"
2026-07-05 19:37:08,619 INFO skill_runner: tools/call POST returned status 200
2026-07-05 19:37:08,624 INFO httpx: HTTP Request: DELETE http://mcp_search:8000/mcp "HTTP/1.1 400 Bad Request"
2026-07-05 19:37:08,626 INFO skill_runner: Streamable HTTP call returning structured result (server=mcp_search, tool=search_web, results_count=5)
2026-07-05 19:37:08,627 INFO skill.siri_chat: DEBUG: Tool search_web result_text={"result": [{"title": "OpenAI News", "url": "https://openai.com/news/", "snippet": "Stay up to speed on the rapid advancement of AI technology and the benefits it offers to humanity."}, {"title": "OpenAI News | Today's Latest Stories - Reuters", "url": "https://www.reuters.com/technology/openai/", "snippet": "SoftBank Group has ​reopened talks with a consortium of lenders for a $10 billion loan backed by its stake in OpenAI, after earlier attempts ‌to secure a ..."}, {"title": "OpenAI Release No
2026-07-05 19:37:08,627 INFO skill.siri_chat: Tool round 1 complete (1 tool calls executed)
2026-07-05 19:37:10,993 INFO httpx: HTTP Request: POST http://litellm-proxy:4000/v1/chat/completions "HTTP/1.1 200 OK"
2026-07-05 19:37:10,995 INFO skill_runner: Job f7790fde8bd5: Response generated (545 chars)
2026-07-05 19:37:10,996 INFO skill_runner: Job f7790fde8bd5: Sources: 5 found
2026-07-05 19:37:10,996 INFO skill_runner: Job f7790fde8bd5: Skill.run() returned: ['answer', 'sources', 'model_alias']
2026-07-05 19:37:10,996 INFO skill_runner: Job f7790fde8bd5: Skill answer (used as summary): 

Here is the latest news regarding OpenAI:

*   **New Model Release:** OpenAI has launched **GPT-5.6**, a new model family featuring variants named Sol, Terra, and Luna. This release emphasizes stron
2026-07-05 19:37:10,996 INFO skill_runner: Job f7790fde8bd5: Merged result key 'sources' into job params
2026-07-05 19:37:10,996 INFO skill_runner: Job f7790fde8bd5: Merged result key 'answer' into job params
2026-07-05 19:37:10,997 INFO skill_runner: Job f7790fde8bd5 completed successfully.
2026-07-05 19:37:10,997 INFO skill_runner: Job f7790fde8bd5 launched for skill 'siri_chat'.
2026-07-05 19:37:37,716 INFO skill_runner: Chat request: intent=siri-chat text=siri-chat: What is the homelab status? model=matrix-coder
2026-07-05 19:37:37,716 INFO skill_runner: Job b1d944b3f24a: Chat intent 'siri-chat' dispatched to skill 'siri_chat'
2026-07-05 19:37:37,716 INFO skill_runner: Job b1d944b3f24a: Executing skill 'siri_chat'
2026-07-05 19:37:37,716 INFO skill_runner: Job b1d944b3f24a: Skill module found at: /app/skills/siri_chat/skill.py
2026-07-05 19:37:37,716 INFO skill_runner: Job b1d944b3f24a: LiteLLM client initialised: base_url=http://litellm-proxy:4000
2026-07-05 19:37:37,723 INFO skill_runner: Job b1d944b3f24a: Skill module imported successfully
2026-07-05 19:37:37,723 INFO skill_runner: Job b1d944b3f24a: Passing sync client as 'litellm_client'
2026-07-05 19:37:37,723 INFO skill_runner: Job b1d944b3f24a: Invoking skill.run()...
2026-07-05 19:37:37,724 INFO skill_runner: Job b1d944b3f24a: Executing siri_chat: query='siri-chat: What is the homelab status?...'
2026-07-05 19:37:37,724 INFO skill_runner: Job b1d944b3f24a: Model: matrix-coder
2026-07-05 19:37:37,724 INFO skill_runner: Job b1d944b3f24a: Max tool rounds: 3
2026-07-05 19:37:38,702 INFO httpx: HTTP Request: POST http://litellm-proxy:4000/v1/chat/completions "HTTP/1.1 200 OK"
2026-07-05 19:37:38,704 INFO skill_runner: Streamable HTTP MCP call: server=mcp_homelab_status base_url=http://mcp_homelab_status:8000 tool=docker_status
2026-07-05 19:37:38,726 INFO httpx: HTTP Request: POST http://mcp_homelab_status:8000/mcp "HTTP/1.1 200 OK"
2026-07-05 19:37:38,729 INFO skill_runner: MCP initialized (server: mcp_homelab_status, session: 2393f03efbeb449bb37156e1ca92bf55)
2026-07-05 19:37:38,733 INFO httpx: HTTP Request: POST http://mcp_homelab_status:8000/mcp "HTTP/1.1 202 Accepted"
2026-07-05 19:37:38,734 INFO skill_runner: MCP initialized notification sent
2026-07-05 19:37:38,739 INFO httpx: HTTP Request: POST http://mcp_homelab_status:8000/mcp "HTTP/1.1 200 OK"
2026-07-05 19:37:38,743 INFO skill_runner: tools/call POST returned status 200
2026-07-05 19:37:38,750 INFO httpx: HTTP Request: DELETE http://mcp_homelab_status:8000/mcp "HTTP/1.1 400 Bad Request"
2026-07-05 19:37:38,751 INFO skill_runner: Streamable HTTP call returning content result (server=mcp_homelab_status, tool=docker_status, items=1)
2026-07-05 19:37:38,752 INFO skill.siri_chat: DEBUG: Tool docker_status result_text=Unknown tool: docker_status
2026-07-05 19:37:38,753 INFO skill.siri_chat: Tool round 1 complete (1 tool calls executed)
2026-07-05 19:37:40,513 INFO httpx: HTTP Request: POST http://litellm-proxy:4000/v1/chat/completions "HTTP/1.1 200 OK"
2026-07-05 19:37:40,516 INFO skill_runner: Streamable HTTP MCP call: server=mcp_homelab_status base_url=http://mcp_homelab_status:8000 tool=docker_status
2026-07-05 19:37:40,535 INFO httpx: HTTP Request: POST http://mcp_homelab_status:8000/mcp "HTTP/1.1 200 OK"
2026-07-05 19:37:40,537 INFO skill_runner: MCP initialized (server: mcp_homelab_status, session: a0d0fa4679f942bb9c5007feba5b9ce5)
2026-07-05 19:37:40,539 INFO httpx: HTTP Request: POST http://mcp_homelab_status:8000/mcp "HTTP/1.1 202 Accepted"
2026-07-05 19:37:40,540 INFO skill_runner: MCP initialized notification sent
2026-07-05 19:37:40,543 INFO httpx: HTTP Request: POST http://mcp_homelab_status:8000/mcp "HTTP/1.1 200 OK"
2026-07-05 19:37:40,545 INFO skill_runner: tools/call POST returned status 200
2026-07-05 19:37:40,549 INFO httpx: HTTP Request: DELETE http://mcp_homelab_status:8000/mcp "HTTP/1.1 400 Bad Request"
2026-07-05 19:37:40,550 INFO skill_runner: Streamable HTTP call returning content result (server=mcp_homelab_status, tool=docker_status, items=1)
2026-07-05 19:37:40,551 INFO skill.siri_chat: DEBUG: Tool docker_status result_text=Unknown tool: docker_status
2026-07-05 19:37:40,551 INFO skill.siri_chat: Tool round 2 complete (1 tool calls executed)
2026-07-05 19:37:42,899 INFO httpx: HTTP Request: POST http://litellm-proxy:4000/v1/chat/completions "HTTP/1.1 200 OK"
2026-07-05 19:37:42,902 INFO skill_runner: Job b1d944b3f24a: Response generated (218 chars)
2026-07-05 19:37:42,902 INFO skill_runner: Job b1d944b3f24a: Skill.run() returned: ['answer', 'sources', 'model_alias']
2026-07-05 19:37:42,902 INFO skill_runner: Job b1d944b3f24a: Skill answer (used as summary): 

I'm sorry, but I'm currently unable to retrieve the homelab status. The Docker status check tool isn't responding right now. Please try again later or check your homelab dashboard directly for the l
2026-07-05 19:37:42,902 INFO skill_runner: Job b1d944b3f24a: Merged result key 'sources' into job params
2026-07-05 19:37:42,902 INFO skill_runner: Job b1d944b3f24a: Merged result key 'answer' into job params
2026-07-05 19:37:42,902 INFO skill_runner: Job b1d944b3f24a completed successfully.
2026-07-05 19:37:42,903 INFO skill_runner: Job b1d944b3f24a launched for skill 'siri_chat'.
2026-07-05 19:38:39,408 INFO skill_runner: Chat request: intent=siri-chat text=siri-chat: What is the homelab status? model=matrix-coder
2026-07-05 19:38:39,408 INFO skill_runner: Job 135631d2b17e: Chat intent 'siri-chat' dispatched to skill 'siri_chat'
2026-07-05 19:38:39,408 INFO skill_runner: Job 135631d2b17e: Executing skill 'siri_chat'
2026-07-05 19:38:39,409 INFO skill_runner: Job 135631d2b17e: Skill module found at: /app/skills/siri_chat/skill.py
2026-07-05 19:38:39,409 INFO skill_runner: Job 135631d2b17e: LiteLLM client initialised: base_url=http://litellm-proxy:4000
2026-07-05 19:38:39,417 INFO skill_runner: Job 135631d2b17e: Skill module imported successfully
2026-07-05 19:38:39,417 INFO skill_runner: Job 135631d2b17e: Passing sync client as 'litellm_client'
2026-07-05 19:38:39,417 INFO skill_runner: Job 135631d2b17e: Invoking skill.run()...
2026-07-05 19:38:39,417 INFO skill_runner: Job 135631d2b17e: Executing siri_chat: query='siri-chat: What is the homelab status?...'
2026-07-05 19:38:39,417 INFO skill_runner: Job 135631d2b17e: Model: matrix-coder
2026-07-05 19:38:39,417 INFO skill_runner: Job 135631d2b17e: Max tool rounds: 3
2026-07-05 19:38:40,503 INFO httpx: HTTP Request: POST http://litellm-proxy:4000/v1/chat/completions "HTTP/1.1 200 OK"
2026-07-05 19:38:40,506 INFO skill_runner: Streamable HTTP MCP call: server=mcp_homelab_status base_url=http://mcp_homelab_status:8000 tool=system_info
2026-07-05 19:38:40,529 INFO httpx: HTTP Request: POST http://mcp_homelab_status:8000/mcp "HTTP/1.1 200 OK"
2026-07-05 19:38:40,531 INFO skill_runner: MCP initialized (server: mcp_homelab_status, session: 4235ed793dd949f9ae1b58583f7502c1)
2026-07-05 19:38:40,535 INFO httpx: HTTP Request: POST http://mcp_homelab_status:8000/mcp "HTTP/1.1 202 Accepted"
2026-07-05 19:38:40,536 INFO skill_runner: MCP initialized notification sent
2026-07-05 19:38:40,541 INFO httpx: HTTP Request: POST http://mcp_homelab_status:8000/mcp "HTTP/1.1 200 OK"
2026-07-05 19:38:41,548 INFO skill_runner: tools/call POST returned status 200
2026-07-05 19:38:41,554 INFO httpx: HTTP Request: DELETE http://mcp_homelab_status:8000/mcp "HTTP/1.1 400 Bad Request"
2026-07-05 19:38:41,556 INFO skill_runner: Streamable HTTP call returning content result (server=mcp_homelab_status, tool=system_info, items=1)
2026-07-05 19:38:41,557 INFO skill.siri_chat: DEBUG: Tool system_info result_text={
  "cpu": {
    "percent": 8.7,
    "cores": 8
  },
  "memory": {
    "total_bytes": 32538656768,
    "used_bytes": 9853882368,
    "available_bytes": 22684774400,
    "percent": 30.3
  },
  "disk": [
    {
      "device": "/dev/mapper/ubuntu--vg-ubuntu--lv",
      "mountpoint": "/etc/resolv.conf",
      "fstype": "ext4",
      "total_bytes": 237201645568,
      "used_bytes": 184573599744,
      "free_bytes": 41852510208,
      "percent": 81.5
    },
    {
      "device": "/dev/mapper/ubuntu--v
2026-07-05 19:38:41,558 INFO skill_runner: Streamable HTTP MCP call: server=mcp_homelab_status base_url=http://mcp_homelab_status:8000 tool=docker_ps
2026-07-05 19:38:41,599 INFO httpx: HTTP Request: POST http://mcp_homelab_status:8000/mcp "HTTP/1.1 200 OK"
2026-07-05 19:38:41,601 INFO skill_runner: MCP initialized (server: mcp_homelab_status, session: 01097329b07e4e5fb535ee9e81c5f0f1)
2026-07-05 19:38:41,605 INFO httpx: HTTP Request: POST http://mcp_homelab_status:8000/mcp "HTTP/1.1 202 Accepted"
2026-07-05 19:38:41,606 INFO skill_runner: MCP initialized notification sent
2026-07-05 19:38:41,612 INFO httpx: HTTP Request: POST http://mcp_homelab_status:8000/mcp "HTTP/1.1 200 OK"
2026-07-05 19:38:44,490 INFO skill_runner: tools/call POST returned status 200
2026-07-05 19:38:44,496 INFO httpx: HTTP Request: DELETE http://mcp_homelab_status:8000/mcp "HTTP/1.1 400 Bad Request"
2026-07-05 19:38:44,498 INFO skill_runner: Streamable HTTP call returning structured result (server=mcp_homelab_status, tool=docker_ps, results_count=35)
2026-07-05 19:38:44,499 INFO skill.siri_chat: DEBUG: Tool docker_ps result_text={"result": [{"name": "skill-runner", "id": "53543a72bf50", "state": "running", "image": "skill-runner:local", "ports": [{"container": "8091/tcp", "host_ip": "192.168.4.54", "host_port": "8091"}], "started_at": "2026-07-06T00:38:32.285621925Z", "health": "unknown", "exit_code": null}, {"name": "mcp_mysql", "id": "c2ddba1bf73d", "state": "running", "image": "ai-mcp-mcp_mysql:latest", "ports": [{"container": "8000/tcp", "host_ip": "", "host_port": ""}], "started_at": "2026-07-04T21:49:21.044264518Z
2026-07-05 19:38:44,499 INFO skill.siri_chat: Tool round 1 complete (2 tool calls executed)
2026-07-05 19:38:51,687 INFO httpx: HTTP Request: POST http://litellm-proxy:4000/v1/chat/completions "HTTP/1.1 200 OK"
2026-07-05 19:38:51,689 INFO skill_runner: Job 135631d2b17e: Response generated (269 chars)
2026-07-05 19:38:51,690 INFO skill_runner: Job 135631d2b17e: Skill.run() returned: ['answer', 'sources', 'model_alias']
2026-07-05 19:38:51,690 INFO skill_runner: Job 135631d2b17e: Skill answer (used as summary): 

Your homelab is running smoothly. All 35 Docker containers are up, with 8 reporting a healthy status including Open WebUI, Grafana, and your AI services. System resources look good too: CPU is at 9%
2026-07-05 19:38:51,690 INFO skill_runner: Job 135631d2b17e: Merged result key 'answer' into job params
2026-07-05 19:38:51,690 INFO skill_runner: Job 135631d2b17e: Merged result key 'sources' into job params
2026-07-05 19:38:51,690 INFO skill_runner: Job 135631d2b17e completed successfully.
2026-07-05 19:38:51,691 INFO skill_runner: Job 135631d2b17e launched for skill 'siri_chat'.
2026-07-05 19:39:20,021 INFO skill_runner: Chat request: intent=chat text=What is the capital of France? model=matrix-gemma4-moe
2026-07-05 19:39:21,977 INFO httpx: HTTP Request: POST http://litellm-proxy:4000/v1/chat/completions "HTTP/1.1 200 OK"
2026-07-05 19:39:22,159 INFO skill_runner: Chat request: intent=siri-chat text=What is the weather in Tokyo today? model=matrix-gemma4-moe
2026-07-05 19:39:22,159 INFO skill_runner: Job a554be8355ae: Chat intent 'siri-chat' dispatched to skill 'siri_chat'
2026-07-05 19:39:22,159 INFO skill_runner: Job a554be8355ae: Executing skill 'siri_chat'
2026-07-05 19:39:22,160 INFO skill_runner: Job a554be8355ae: Skill module found at: /app/skills/siri_chat/skill.py
2026-07-05 19:39:22,160 INFO skill_runner: Job a554be8355ae: LiteLLM client initialised: base_url=http://litellm-proxy:4000
2026-07-05 19:39:22,172 INFO skill_runner: Job a554be8355ae: Skill module imported successfully
2026-07-05 19:39:22,173 INFO skill_runner: Job a554be8355ae: Passing sync client as 'litellm_client'
2026-07-05 19:39:22,173 INFO skill_runner: Job a554be8355ae: Invoking skill.run()...
2026-07-05 19:39:22,173 INFO skill_runner: Job a554be8355ae: Executing siri_chat: query='What is the weather in Tokyo today?...'
2026-07-05 19:39:22,173 INFO skill_runner: Job a554be8355ae: Model: matrix-coder
2026-07-05 19:39:22,173 INFO skill_runner: Job a554be8355ae: Max tool rounds: 3
2026-07-05 19:39:23,331 INFO httpx: HTTP Request: POST http://litellm-proxy:4000/v1/chat/completions "HTTP/1.1 200 OK"
2026-07-05 19:39:23,333 INFO skill_runner: Streamable HTTP MCP call: server=mcp_search base_url=http://mcp_search:8000 tool=search_web
2026-07-05 19:39:23,361 INFO httpx: HTTP Request: POST http://mcp_search:8000/mcp "HTTP/1.1 200 OK"
2026-07-05 19:39:23,363 INFO skill_runner: MCP initialized (server: mcp_search, session: d3d5e44bceaf4f1091ae98a22492dd93)
2026-07-05 19:39:23,367 INFO httpx: HTTP Request: POST http://mcp_search:8000/mcp "HTTP/1.1 202 Accepted"
2026-07-05 19:39:23,368 INFO skill_runner: MCP initialized notification sent
2026-07-05 19:39:23,372 INFO httpx: HTTP Request: POST http://mcp_search:8000/mcp "HTTP/1.1 200 OK"
2026-07-05 19:39:24,697 INFO skill_runner: tools/call POST returned status 200
2026-07-05 19:39:24,703 INFO httpx: HTTP Request: DELETE http://mcp_search:8000/mcp "HTTP/1.1 400 Bad Request"
2026-07-05 19:39:24,705 INFO skill_runner: Streamable HTTP call returning structured result (server=mcp_search, tool=search_web, results_count=5)
2026-07-05 19:39:24,707 INFO skill.siri_chat: DEBUG: Tool search_web result_text={"result": [{"title": "Tokyo, Tokyo, Japan Weather Forecast - AccuWeather", "url": "https://www.accuweather.com/en/jp/tokyo/226396/weather-forecast/226396", "snippet": "10-Day Weather Forecast ; Today. 7/6. 81° 68° ; Tue. 7/7. 82° 71° ; Wed. 7/8. 84° 70° ; Thu. 7/9. 90° 73° ; Fri. 7/10. 88° 73°."}, {"title": "Today's Weather in Tokyo - Hourly Forecast and Conditions", "url": "https://www.easeweather.com/asia/japan/tokyo/today", "snippet": "Get the latest hourly weather updates for Tokyo today. D
2026-07-05 19:39:24,707 INFO skill.siri_chat: Tool round 1 complete (1 tool calls executed)
2026-07-05 19:39:27,671 INFO httpx: HTTP Request: POST http://litellm-proxy:4000/v1/chat/completions "HTTP/1.1 200 OK"
2026-07-05 19:39:27,674 INFO skill_runner: Job a554be8355ae: Response generated (201 chars)
2026-07-05 19:39:27,674 INFO skill_runner: Job a554be8355ae: Sources: 5 found
2026-07-05 19:39:27,674 INFO skill_runner: Job a554be8355ae: Skill.run() returned: ['answer', 'sources', 'model_alias']
2026-07-05 19:39:27,674 INFO skill_runner: Job a554be8355ae: Skill answer (used as summary): 

Today in Tokyo, expect cloudy skies with a high of around 80°F (27°C) and a low of 68°F (20°C). There is only a slight chance of rain. This information comes from AccuWeather and The Weather Channel
2026-07-05 19:39:27,674 INFO skill_runner: Job a554be8355ae: Merged result key 'answer' into job params
2026-07-05 19:39:27,674 INFO skill_runner: Job a554be8355ae: Merged result key 'sources' into job params
2026-07-05 19:39:27,675 INFO skill_runner: Job a554be8355ae completed successfully.
2026-07-05 19:39:27,675 INFO skill_runner: Job a554be8355ae launched for skill 'siri_chat'.
2026-07-05 19:39:42,789 INFO skill_runner: Chat request: intent=siri-chat text=siri-chat: What is the homelab status? model=matrix-coder
2026-07-05 19:39:42,790 INFO skill_runner: Job 9ce04e1d69a3: Chat intent 'siri-chat' dispatched to skill 'siri_chat'
2026-07-05 19:39:42,790 INFO skill_runner: Job 9ce04e1d69a3: Executing skill 'siri_chat'
2026-07-05 19:39:42,790 INFO skill_runner: Job 9ce04e1d69a3: Skill module found at: /app/skills/siri_chat/skill.py
2026-07-05 19:39:42,791 INFO skill_runner: Job 9ce04e1d69a3: LiteLLM client initialised: base_url=http://litellm-proxy:4000
2026-07-05 19:39:42,799 INFO skill_runner: Job 9ce04e1d69a3: Skill module imported successfully
2026-07-05 19:39:42,799 INFO skill_runner: Job 9ce04e1d69a3: Passing sync client as 'litellm_client'
2026-07-05 19:39:42,800 INFO skill_runner: Job 9ce04e1d69a3: Invoking skill.run()...
2026-07-05 19:39:42,800 INFO skill_runner: Job 9ce04e1d69a3: Executing siri_chat: query='siri-chat: What is the homelab status?...'
2026-07-05 19:39:42,800 INFO skill_runner: Job 9ce04e1d69a3: Model: matrix-coder
2026-07-05 19:39:42,800 INFO skill_runner: Job 9ce04e1d69a3: Max tool rounds: 3
2026-07-05 19:39:44,195 INFO httpx: HTTP Request: POST http://litellm-proxy:4000/v1/chat/completions "HTTP/1.1 200 OK"
2026-07-05 19:39:44,198 INFO skill_runner: Streamable HTTP MCP call: server=mcp_homelab_status base_url=http://mcp_homelab_status:8000 tool=docker_ps
2026-07-05 19:39:44,222 INFO httpx: HTTP Request: POST http://mcp_homelab_status:8000/mcp "HTTP/1.1 200 OK"
2026-07-05 19:39:44,224 INFO skill_runner: MCP initialized (server: mcp_homelab_status, session: 1d7359e28aac48ad992f5b3a7341cc70)
2026-07-05 19:39:44,227 INFO httpx: HTTP Request: POST http://mcp_homelab_status:8000/mcp "HTTP/1.1 202 Accepted"
2026-07-05 19:39:44,229 INFO skill_runner: MCP initialized notification sent
2026-07-05 19:39:44,233 INFO httpx: HTTP Request: POST http://mcp_homelab_status:8000/mcp "HTTP/1.1 200 OK"
2026-07-05 19:39:47,117 INFO skill_runner: tools/call POST returned status 200
2026-07-05 19:39:47,122 INFO httpx: HTTP Request: DELETE http://mcp_homelab_status:8000/mcp "HTTP/1.1 400 Bad Request"
2026-07-05 19:39:47,123 INFO skill_runner: Streamable HTTP call returning structured result (server=mcp_homelab_status, tool=docker_ps, results_count=35)
2026-07-05 19:39:47,125 INFO skill.siri_chat: DEBUG: Tool docker_ps result_text={"result": [{"name": "skill-runner", "id": "53543a72bf50", "state": "running", "image": "skill-runner:local", "ports": [{"container": "8091/tcp", "host_ip": "192.168.4.54", "host_port": "8091"}], "started_at": "2026-07-06T00:38:32.285621925Z", "health": "unknown", "exit_code": null}, {"name": "mcp_mysql", "id": "c2ddba1bf73d", "state": "running", "image": "ai-mcp-mcp_mysql:latest", "ports": [{"container": "8000/tcp", "host_ip": "", "host_port": ""}], "started_at": "2026-07-04T21:49:21.044264518Z
2026-07-05 19:39:47,125 INFO skill_runner: Streamable HTTP MCP call: server=mcp_homelab_status base_url=http://mcp_homelab_status:8000 tool=system_info
2026-07-05 19:39:47,144 INFO httpx: HTTP Request: POST http://mcp_homelab_status:8000/mcp "HTTP/1.1 200 OK"
2026-07-05 19:39:47,145 INFO skill_runner: MCP initialized (server: mcp_homelab_status, session: bb200a0d129c4246b6ebb1e3b27d4c81)
2026-07-05 19:39:47,149 INFO httpx: HTTP Request: POST http://mcp_homelab_status:8000/mcp "HTTP/1.1 202 Accepted"
2026-07-05 19:39:47,150 INFO skill_runner: MCP initialized notification sent
2026-07-05 19:39:47,156 INFO httpx: HTTP Request: POST http://mcp_homelab_status:8000/mcp "HTTP/1.1 200 OK"
2026-07-05 19:39:48,161 INFO skill_runner: tools/call POST returned status 200
2026-07-05 19:39:48,166 INFO httpx: HTTP Request: DELETE http://mcp_homelab_status:8000/mcp "HTTP/1.1 400 Bad Request"
2026-07-05 19:39:48,168 INFO skill_runner: Streamable HTTP call returning content result (server=mcp_homelab_status, tool=system_info, items=1)
2026-07-05 19:39:48,169 INFO skill.siri_chat: DEBUG: Tool system_info result_text={
  "cpu": {
    "percent": 18.6,
    "cores": 8
  },
  "memory": {
    "total_bytes": 32538656768,
    "used_bytes": 9826942976,
    "available_bytes": 22711713792,
    "percent": 30.2
  },
  "disk": [
    {
      "device": "/dev/mapper/ubuntu--vg-ubuntu--lv",
      "mountpoint": "/etc/resolv.conf",
      "fstype": "ext4",
      "total_bytes": 237201645568,
      "used_bytes": 184573779968,
      "free_bytes": 41852329984,
      "percent": 81.5
    },
    {
      "device": "/dev/mapper/ubuntu--
2026-07-05 19:39:48,169 INFO skill.siri_chat: Tool round 1 complete (2 tool calls executed)
2026-07-05 19:39:54,143 INFO httpx: HTTP Request: POST http://litellm-proxy:4000/v1/chat/completions "HTTP/1.1 200 OK"
2026-07-05 19:39:54,146 INFO skill_runner: Job 9ce04e1d69a3: Response generated (365 chars)
2026-07-05 19:39:54,147 INFO skill_runner: Job 9ce04e1d69a3: Skill.run() returned: ['answer', 'sources', 'model_alias']
2026-07-05 19:39:54,147 INFO skill_runner: Job 9ce04e1d69a3: Skill answer (used as summary): 

Everything looks good! All 35 Docker containers are currently running.

Key services like Open WebUI, LiteLLM, Grafana, and your databases are reporting a healthy status.

System resources are also 
2026-07-05 19:39:54,147 INFO skill_runner: Job 9ce04e1d69a3: Merged result key 'answer' into job params
2026-07-05 19:39:54,147 INFO skill_runner: Job 9ce04e1d69a3: Merged result key 'sources' into job params
2026-07-05 19:39:54,147 INFO skill_runner: Job 9ce04e1d69a3 completed successfully.
2026-07-05 19:39:54,147 INFO skill_runner: Job 9ce04e1d69a3 launched for skill 'siri_chat'.
2026-07-05 19:40:22,604 INFO skill_runner: Chat request: intent=chat text=What is the capital of Japan? model=matrix-gemma4-moe
2026-07-05 19:40:25,003 INFO httpx: HTTP Request: POST http://litellm-proxy:4000/v1/chat/completions "HTTP/1.1 200 OK"
2026-07-05 19:46:52,411 INFO skill_runner: Chat request: intent=chat text=hello model=matrix-gemma4-moe
2026-07-05 19:47:06,859 INFO httpx: HTTP Request: POST http://litellm-proxy:4000/v1/chat/completions "HTTP/1.1 200 OK"
2026-07-06 17:31:04,863 INFO skill_runner.scheduler: Config file not found at /root/.thor/scheduler.json — creating default config.
2026-07-06 17:31:04,884 INFO skill_runner.scheduler: Scheduler config loaded: 0 schedule(s).
2026-07-06 17:31:04,884 INFO skill_runner: Scheduler loaded 0 schedule(s), starting background thread.
2026-07-06 17:31:04,884 INFO skill_runner.scheduler: Scheduler thread started (check_interval=60.0s).
2026-07-06 17:31:04,885 INFO skill_runner.scheduler: Scheduler background thread started.
2026-07-06 17:31:04,885 INFO skill_runner: Thor Skill Runner startup complete.
2026-07-06 17:31:04,886 INFO skill_runner.scheduler: Scheduler config loaded: 0 schedule(s).
2026-07-06 17:33:08,497 INFO skill_runner: Chat request: intent=build-presentation text=update the Q4 review presentation to be more casual model=matrix-gemma4-moe
2026-07-06 17:33:08,498 INFO skill_runner: Job 2d09143558bb: Chat intent 'build-presentation' dispatched to skill 'presentation_builder'
2026-07-06 17:33:08,498 INFO skill_runner: Job 2d09143558bb: Executing skill 'presentation_builder'
2026-07-06 17:33:08,499 INFO skill_runner: Job 2d09143558bb: Skill 'presentation_builder' module not found
2026-07-06 17:33:08,499 ERROR skill_runner: Skill not found: presentation_builder
2026-07-06 17:33:08,499 INFO skill_runner: Job 2d09143558bb launched for skill 'presentation_builder'.
2026-07-06 17:33:44,666 INFO skill_runner: Thor Skill Runner shutting down — stopping scheduler.
2026-07-06 17:33:44,667 INFO skill_runner.scheduler: Stopping scheduler background thread…
2026-07-06 17:33:44,667 INFO skill_runner.scheduler: Scheduler thread stopped.
2026-07-06 17:33:44,668 INFO skill_runner.scheduler: Scheduler stopped.
2026-07-06 17:33:44,668 INFO skill_runner: Shutdown complete.
2026-07-06 17:33:46,333 INFO skill_runner.scheduler: Config file not found at /root/.thor/scheduler.json — creating default config.
2026-07-06 17:33:46,335 INFO skill_runner.scheduler: Scheduler config loaded: 0 schedule(s).
2026-07-06 17:33:46,336 INFO skill_runner: Scheduler loaded 0 schedule(s), starting background thread.
2026-07-06 17:33:46,336 INFO skill_runner.scheduler: Scheduler thread started (check_interval=60.0s).
2026-07-06 17:33:46,336 INFO skill_runner.scheduler: Scheduler background thread started.
2026-07-06 17:33:46,337 INFO skill_runner: Thor Skill Runner startup complete.
2026-07-06 17:33:46,338 INFO skill_runner.scheduler: Scheduler config loaded: 0 schedule(s).
2026-07-06 17:33:59,189 INFO skill_runner: Chat request: intent=update-presentation text=update the Q4 review presentation to be more casual model=matrix-gemma4-moe
2026-07-06 17:33:59,189 INFO skill_runner: Job 493998f4eed4: Intent 'update-presentation' dispatched to skill 'presentation_update'
2026-07-06 17:33:59,189 INFO skill_runner: Job 493998f4eed4: Executing skill 'presentation_update'
2026-07-06 17:33:59,190 INFO skill_runner: Job 493998f4eed4: Skill module found at: /app/skills/presentation_update/skill.py
2026-07-06 17:33:59,190 INFO skill_runner: Job 493998f4eed4: LiteLLM client initialised: base_url=http://litellm-proxy:4000
2026-07-06 17:33:59,191 INFO skill_runner: Job 493998f4eed4: Skill module imported successfully
2026-07-06 17:33:59,191 INFO skill_runner: Job 493998f4eed4: Passing sync client as 'litellm_client'
2026-07-06 17:33:59,191 INFO skill_runner: Job 493998f4eed4: Invoking skill.run()...
2026-07-06 17:33:59,192 INFO skill_runner: Job 493998f4eed4: Validation failed: missing presentation_title
2026-07-06 17:33:59,192 INFO skill_runner: Job 493998f4eed4: Skill.run() returned: ['error']
2026-07-06 17:33:59,192 INFO skill_runner: Job 493998f4eed4: Skill reported error: Missing required 'presentation_title' parameter
2026-07-06 17:33:59,192 INFO skill_runner: Job 493998f4eed4 failed: Missing required 'presentation_title' parameter
2026-07-06 17:33:59,192 INFO skill_runner: Job 493998f4eed4 launched for skill 'presentation_update'.
2026-07-06 17:33:59,240 INFO skill_runner: Chat request: intent=list-demos text=list my demos model=matrix-gemma4-moe
2026-07-06 17:33:59,285 INFO skill_runner: Chat request: intent=find-demos text=find demo about fitness model=matrix-gemma4-moe
2026-07-06 17:33:59,285 INFO skill_runner: Job 1128154ba004: Intent 'find-demos' dispatched to skill 'demo_browse'
2026-07-06 17:33:59,286 INFO skill_runner: Job 1128154ba004: Executing skill 'demo_browse'
2026-07-06 17:33:59,286 INFO skill_runner: Job 1128154ba004: Skill module found at: /app/skills/demo_browse/skill.py
2026-07-06 17:33:59,286 INFO skill_runner: Job 1128154ba004: LiteLLM client initialised: base_url=http://litellm-proxy:4000
2026-07-06 17:33:59,295 INFO skill_runner: Job 1128154ba004: Skill module imported successfully
2026-07-06 17:33:59,295 INFO skill_runner: Job 1128154ba004: Invoking skill.run()...
2026-07-06 17:33:59,295 INFO skill_runner: Job 1128154ba004: Executing demo_browse: query='find demo about fitness'
2026-07-06 17:33:59,295 INFO skill_runner: Job 1128154ba004: Demo directory: /home/chuck/data/media/demos
2026-07-06 17:33:59,295 INFO skill_runner: Job 1128154ba004: Limit: 20
2026-07-06 17:33:59,296 INFO skill_runner: Job 1128154ba004: Scanning demos directory...
2026-07-06 17:33:59,299 INFO skill_runner: Job 1128154ba004: Found 6 total demos
2026-07-06 17:33:59,300 INFO skill_runner: Job 1128154ba004: Matching against query: 'find demo about fitness'
2026-07-06 17:33:59,300 INFO skill_runner: Job 1128154ba004: Found 4 matching demos
2026-07-06 17:33:59,300 INFO skill_runner: Job 1128154ba004:   [1] OpenWebUI Smoke Test Quick Demo — Notes App (score: 10.0)
2026-07-06 17:33:59,300 INFO skill_runner: Job 1128154ba004:   [2] OpenWebUI Smoke Test Quick Demo — Notes App (score: 10.0)
2026-07-06 17:33:59,300 INFO skill_runner: Job 1128154ba004:   [3] OpenWebUI Smoke Test Quick Demo (score: 10.0)
2026-07-06 17:33:59,300 INFO skill_runner: Job 1128154ba004:   [4] Todo App — PM Demo (score: 10.0)
2026-07-06 17:33:59,301 INFO skill_runner: Job 1128154ba004: demo_browse completed successfully
2026-07-06 17:33:59,301 INFO skill_runner: Job 1128154ba004: Skill.run() returned: ['query', 'demo_dir', 'total_demos', 'matched_count', 'limit', 'results']
2026-07-06 17:33:59,301 INFO skill_runner: Job 1128154ba004 completed successfully.
2026-07-06 17:33:59,301 INFO skill_runner: Job 1128154ba004 launched for skill 'demo_browse'.
2026-07-06 17:33:59,346 INFO skill_runner: Chat request: intent=research-brief text=research brief: latest developments in quantum computing model=matrix-gemma4-moe
2026-07-06 17:33:59,347 INFO skill_runner: Job 8f5d036ec853: Intent 'research-brief' dispatched to skill 'research_brief'
2026-07-06 17:33:59,347 INFO skill_runner: Job 8f5d036ec853: Executing skill 'research_brief'
2026-07-06 17:33:59,347 INFO skill_runner: Job 8f5d036ec853: Skill module found at: /app/skills/research_brief/skill.py
2026-07-06 17:33:59,348 INFO skill_runner: Job 8f5d036ec853: LiteLLM client initialised: base_url=http://litellm-proxy:4000
2026-07-06 17:33:59,365 INFO skill_runner: Job 8f5d036ec853: Skill module imported successfully
2026-07-06 17:33:59,365 INFO skill_runner: Job 8f5d036ec853: Passing sync client as 'litellm_client'
2026-07-06 17:33:59,366 INFO skill_runner: Job 8f5d036ec853: Invoking skill.run()...
2026-07-06 17:33:59,366 INFO skill_runner: Job 8f5d036ec853: Executing research_brief: topic='research brief: latest developments in quantum computing'
2026-07-06 17:33:59,366 INFO skill_runner: Job 8f5d036ec853: Sub-queries: 3, max_results/query: 8
2026-07-06 17:33:59,366 INFO skill_runner: Job 8f5d036ec853: Model alias: matrix-coder
2026-07-06 17:33:59,366 INFO skill_runner: Job 8f5d036ec853: Max runtime: 120s
2026-07-06 17:33:59,366 INFO skill_runner: Job 8f5d036ec853: LiteLLM: http://litellm-proxy:4000
2026-07-06 17:33:59,366 INFO skill_runner: Job 8f5d036ec853: Step 1: Generating sub-queries via LLM...
2026-07-06 17:34:04,744 INFO httpx: HTTP Request: POST http://litellm-proxy:4000/v1/chat/completions "HTTP/1.1 200 OK"
2026-07-06 17:34:04,747 WARNING skill.research_brief: LLM sub-query generation failed, using fallback: 'NoneType' object has no attribute 'strip'
2026-07-06 17:34:04,747 INFO skill_runner: Job 8f5d036ec853: Generated 3 sub-queries:
2026-07-06 17:34:04,747 INFO skill_runner: Job 8f5d036ec853:   [1] research brief: latest developments in quantum computing
2026-07-06 17:34:04,747 INFO skill_runner: Job 8f5d036ec853:   [2] research brief: latest developments in quantum computing overview
2026-07-06 17:34:04,747 INFO skill_runner: Job 8f5d036ec853:   [3] research brief: latest developments in quantum computing latest news
2026-07-06 17:34:04,747 INFO skill_runner: Job 8f5d036ec853: Step 2: Searching via MCP/SearXNG (3 queries)...
2026-07-06 17:34:04,748 INFO skill_runner: Streamable HTTP MCP call: server=mcp_search base_url=http://mcp_search:8000 tool=search_web
2026-07-06 17:34:04,775 INFO httpx: HTTP Request: POST http://mcp_search:8000/mcp "HTTP/1.1 200 OK"
2026-07-06 17:34:04,777 INFO skill_runner: MCP initialized (server: mcp_search, session: f7a31d2cc7b643c2816b5938b2933076)
2026-07-06 17:34:04,780 INFO httpx: HTTP Request: POST http://mcp_search:8000/mcp "HTTP/1.1 202 Accepted"
2026-07-06 17:34:04,782 INFO skill_runner: MCP initialized notification sent
2026-07-06 17:34:04,787 INFO httpx: HTTP Request: POST http://mcp_search:8000/mcp "HTTP/1.1 200 OK"
2026-07-06 17:34:05,666 INFO skill_runner: tools/call POST returned status 200
2026-07-06 17:34:05,672 INFO httpx: HTTP Request: DELETE http://mcp_search:8000/mcp "HTTP/1.1 400 Bad Request"
2026-07-06 17:34:05,674 INFO skill_runner: Streamable HTTP call returning structured result (server=mcp_search, tool=search_web, results_count=8)
2026-07-06 17:34:05,675 INFO skill_runner: Job 8f5d036ec853:   Query [1] 'research brief: latest developments in quantum computing': 8 results (mcp)
2026-07-06 17:34:05,676 INFO skill_runner: Streamable HTTP MCP call: server=mcp_search base_url=http://mcp_search:8000 tool=search_web
2026-07-06 17:34:05,701 INFO httpx: HTTP Request: POST http://mcp_search:8000/mcp "HTTP/1.1 200 OK"
2026-07-06 17:34:05,703 INFO skill_runner: MCP initialized (server: mcp_search, session: 4b8546ebd2db4a559a99aa0a02f1aae3)
2026-07-06 17:34:05,710 INFO httpx: HTTP Request: POST http://mcp_search:8000/mcp "HTTP/1.1 202 Accepted"
2026-07-06 17:34:05,712 INFO skill_runner: MCP initialized notification sent
2026-07-06 17:34:05,718 INFO httpx: HTTP Request: POST http://mcp_search:8000/mcp "HTTP/1.1 200 OK"
2026-07-06 17:34:06,649 INFO skill_runner: tools/call POST returned status 200
2026-07-06 17:34:06,657 INFO httpx: HTTP Request: DELETE http://mcp_search:8000/mcp "HTTP/1.1 400 Bad Request"
2026-07-06 17:34:06,659 INFO skill_runner: Streamable HTTP call returning structured result (server=mcp_search, tool=search_web, results_count=8)
2026-07-06 17:34:06,661 INFO skill_runner: Job 8f5d036ec853:   Query [2] 'research brief: latest developments in quantum computing ove': 8 results (mcp)
2026-07-06 17:34:06,661 INFO skill_runner: Streamable HTTP MCP call: server=mcp_search base_url=http://mcp_search:8000 tool=search_web
2026-07-06 17:34:06,689 INFO httpx: HTTP Request: POST http://mcp_search:8000/mcp "HTTP/1.1 200 OK"
2026-07-06 17:34:06,691 INFO skill_runner: MCP initialized (server: mcp_search, session: 9ae297c4493c4992889fe9f6fce44314)
2026-07-06 17:34:06,693 INFO httpx: HTTP Request: POST http://mcp_search:8000/mcp "HTTP/1.1 202 Accepted"
2026-07-06 17:34:06,694 INFO skill_runner: MCP initialized notification sent
2026-07-06 17:34:06,698 INFO httpx: HTTP Request: POST http://mcp_search:8000/mcp "HTTP/1.1 200 OK"
2026-07-06 17:34:07,453 INFO skill_runner: tools/call POST returned status 200
2026-07-06 17:34:07,459 INFO httpx: HTTP Request: DELETE http://mcp_search:8000/mcp "HTTP/1.1 400 Bad Request"
2026-07-06 17:34:07,462 INFO skill_runner: Streamable HTTP call returning structured result (server=mcp_search, tool=search_web, results_count=8)
2026-07-06 17:34:07,463 INFO skill_runner: Job 8f5d036ec853:   Query [3] 'research brief: latest developments in quantum computing lat': 8 results (mcp)
2026-07-06 17:34:07,463 INFO skill_runner: Job 8f5d036ec853: Collected 24 raw results via mcp
2026-07-06 17:34:07,463 INFO skill_runner: Job 8f5d036ec853: Deduplicated to 15 unique sources
2026-07-06 17:34:07,463 INFO skill_runner: Job 8f5d036ec853: Step 3: Synthesizing research brief via LLM...
2026-07-06 17:34:26,761 INFO httpx: HTTP Request: POST http://litellm-proxy:4000/v1/chat/completions "HTTP/1.1 200 OK"
2026-07-06 17:34:26,764 WARNING skill.research_brief: LLM summarization failed, using fallback: 'NoneType' object has no attribute 'strip'
2026-07-06 17:34:26,765 INFO skill_runner: Job 8f5d036ec853: Brief generated (3013 chars)
2026-07-06 17:34:26,765 INFO skill_runner: Job 8f5d036ec853: research_brief completed: 15 sources, method=mcp
2026-07-06 17:34:26,765 INFO skill_runner: Job 8f5d036ec853: Skill.run() returned: ['summary', 'brief', 'sub_queries', 'sources', 'source_count', 'search_method', 'model_alias']
2026-07-06 17:34:26,765 INFO skill_runner: Job 8f5d036ec853: Skill summary: 1. **Quantum Computers News -- ScienceDaily** — https://www.sciencedaily.com/news/computers_math/quantum_computers/
2026-07-06 17:34:26,766 INFO skill_runner: Job 8f5d036ec853: Merged result key 'sources' into job params
2026-07-06 17:34:26,766 INFO skill_runner: Job 8f5d036ec853 completed successfully.
2026-07-06 17:34:26,766 INFO skill_runner: Job 8f5d036ec853 launched for skill 'research_brief'.
2026-07-06 17:34:56,635 INFO skill_runner: Thor Skill Runner shutting down — stopping scheduler.
2026-07-06 17:34:56,635 INFO skill_runner.scheduler: Stopping scheduler background thread…
2026-07-06 17:34:56,635 INFO skill_runner.scheduler: Scheduler thread stopped.
2026-07-06 17:34:56,636 INFO skill_runner.scheduler: Scheduler stopped.
2026-07-06 17:34:56,636 INFO skill_runner: Shutdown complete.
2026-07-06 17:34:58,445 INFO skill_runner.scheduler: Config file not found at /root/.thor/scheduler.json — creating default config.
2026-07-06 17:34:58,448 INFO skill_runner.scheduler: Scheduler config loaded: 0 schedule(s).
2026-07-06 17:34:58,448 INFO skill_runner: Scheduler loaded 0 schedule(s), starting background thread.
2026-07-06 17:34:58,448 INFO skill_runner.scheduler: Scheduler thread started (check_interval=60.0s).
2026-07-06 17:34:58,448 INFO skill_runner.scheduler: Scheduler background thread started.
2026-07-06 17:34:58,449 INFO skill_runner: Thor Skill Runner startup complete.
2026-07-06 17:34:58,449 INFO skill_runner.scheduler: Scheduler config loaded: 0 schedule(s).
2026-07-06 17:35:04,876 INFO skill_runner: Chat request: intent=list-demos text=list my demos model=matrix-gemma4-moe
2026-07-06 17:35:04,876 INFO skill_runner: Job 7eb285a45da0: Intent 'find-demos' dispatched to skill 'demo_browse'
2026-07-06 17:35:04,876 INFO skill_runner: Job 7eb285a45da0: Executing skill 'demo_browse'
2026-07-06 17:35:04,877 INFO skill_runner: Job 7eb285a45da0: Skill module found at: /app/skills/demo_browse/skill.py
2026-07-06 17:35:04,877 INFO skill_runner: Job 7eb285a45da0: LiteLLM client initialised: base_url=http://litellm-proxy:4000
2026-07-06 17:35:04,886 INFO skill_runner: Job 7eb285a45da0: Skill module imported successfully
2026-07-06 17:35:04,886 INFO skill_runner: Job 7eb285a45da0: Invoking skill.run()...
2026-07-06 17:35:04,887 INFO skill_runner: Job 7eb285a45da0: Executing demo_browse: query='list my demos'
2026-07-06 17:35:04,887 INFO skill_runner: Job 7eb285a45da0: Demo directory: /home/chuck/data/media/demos
2026-07-06 17:35:04,887 INFO skill_runner: Job 7eb285a45da0: Limit: 20
2026-07-06 17:35:04,887 INFO skill_runner: Job 7eb285a45da0: Scanning demos directory...
2026-07-06 17:35:04,892 INFO skill_runner: Job 7eb285a45da0: Found 6 total demos
2026-07-06 17:35:04,892 INFO skill_runner: Job 7eb285a45da0: Matching against query: 'list my demos'
2026-07-06 17:35:04,893 INFO skill_runner: Job 7eb285a45da0: Found 1 matching demos
2026-07-06 17:35:04,893 INFO skill_runner: Job 7eb285a45da0:   [1] Taskflow — Todo List App (score: 14.0)
2026-07-06 17:35:04,893 INFO skill_runner: Job 7eb285a45da0: demo_browse completed successfully
2026-07-06 17:35:04,893 INFO skill_runner: Job 7eb285a45da0: Skill.run() returned: ['query', 'demo_dir', 'total_demos', 'matched_count', 'limit', 'results']
2026-07-06 17:35:04,893 INFO skill_runner: Job 7eb285a45da0 completed successfully.
2026-07-06 17:35:04,894 INFO skill_runner: Job 7eb285a45da0 launched for skill 'demo_browse'.
2026-07-06 17:35:23,152 INFO skill_runner.scheduler: Added schedule: id=c40f94031d97 name=Test Daily Brief
2026-07-06 17:35:28,899 INFO skill_runner: Job 91fe1b0e5cd6: Run-now trigger for schedule 'c40f94031d97' (Test Daily Brief)
2026-07-06 17:35:28,899 INFO skill_runner: Job 91fe1b0e5cd6: Executing skill 'morning_brief'
2026-07-06 17:35:28,900 INFO skill_runner: Job 91fe1b0e5cd6: Skill module found at: /app/skills/morning_brief/skill.py
2026-07-06 17:35:28,900 INFO skill_runner: Job 91fe1b0e5cd6: LiteLLM client initialised: base_url=http://litellm-proxy:4000
2026-07-06 17:35:28,912 INFO skill_runner: Job 91fe1b0e5cd6: Skill module imported successfully
2026-07-06 17:35:28,913 INFO skill_runner: Job 91fe1b0e5cd6: Passing sync client as 'litellm_client'
2026-07-06 17:35:28,913 INFO skill_runner: Job 91fe1b0e5cd6: Invoking skill.run()...
2026-07-06 17:35:28,913 INFO skill_runner: Job 91fe1b0e5cd6: Executing morning_brief: 5 interest topic(s), max_items=5
2026-07-06 17:35:28,913 INFO skill_runner: Job 91fe1b0e5cd6: Interests: technology news, smart home security, Ring SimpliSafe Nest Arlo ADT news, Xfinity press release, artificial intelligence news
2026-07-06 17:35:28,913 INFO skill_runner: Job 91fe1b0e5cd6: Model alias: local/qwen-coder
2026-07-06 17:35:28,913 INFO skill_runner: Job 91fe1b0e5cd6: Max runtime: 180s
2026-07-06 17:35:28,914 INFO skill_runner: Job 91fe1b0e5cd6: LiteLLM: http://litellm-proxy:4000
2026-07-06 17:35:28,914 INFO skill_runner: Job 91fe1b0e5cd6: Execution error: signal only works in main thread of the main interpreter
2026-07-06 17:35:28,914 ERROR skill_runner: Skill execution error: signal only works in main thread of the main interpreter
2026-07-06 17:35:28,914 INFO skill_runner: Job 91fe1b0e5cd6 failed: signal only works in main thread of the main interpreter
2026-07-06 17:35:28,914 INFO skill_runner: Run-now job 91fe1b0e5cd6 launched for schedule 'c40f94031d97'.
2026-07-06 17:35:29,001 INFO skill_runner.scheduler: Removed schedule: id=c40f94031d97
